/*
 Navicat Premium Data Transfer

 Source Server         : local
 Source Server Type    : MySQL
 Source Server Version : 80028
 Source Host           : localhost:3306
 Source Schema         : yudao_mini

 Target Server Type    : MySQL
 Target Server Version : 80028
 File Encoding         : 65001

 Date: 02/06/2024 20:49:36
*/

SET NAMES utf8mb4;
SET FOREIGN_KEY_CHECKS = 0;

-- ----------------------------
-- Table structure for infra_api_access_log
-- ----------------------------
DROP TABLE IF EXISTS `infra_api_access_log`;
CREATE TABLE `infra_api_access_log`  (
  `id` bigint(0) NOT NULL AUTO_INCREMENT COMMENT '日志主键',
  `trace_id` varchar(64) CHARACTER SET utf8mb4 COLLATE utf8mb4_unicode_ci NOT NULL DEFAULT '' COMMENT '链路追踪编号',
  `user_id` bigint(0) NOT NULL DEFAULT 0 COMMENT '用户编号',
  `user_type` tinyint(0) NOT NULL DEFAULT 0 COMMENT '用户类型',
  `application_name` varchar(50) CHARACTER SET utf8mb4 COLLATE utf8mb4_unicode_ci NOT NULL COMMENT '应用名',
  `request_method` varchar(16) CHARACTER SET utf8mb4 COLLATE utf8mb4_unicode_ci NOT NULL DEFAULT '' COMMENT '请求方法名',
  `request_url` varchar(255) CHARACTER SET utf8mb4 COLLATE utf8mb4_unicode_ci NOT NULL DEFAULT '' COMMENT '请求地址',
  `request_params` text CHARACTER SET utf8mb4 COLLATE utf8mb4_unicode_ci NULL COMMENT '请求参数',
  `response_body` text CHARACTER SET utf8mb4 COLLATE utf8mb4_unicode_ci NULL COMMENT '响应结果',
  `user_ip` varchar(50) CHARACTER SET utf8mb4 COLLATE utf8mb4_unicode_ci NOT NULL COMMENT '用户 IP',
  `user_agent` varchar(512) CHARACTER SET utf8mb4 COLLATE utf8mb4_unicode_ci NOT NULL COMMENT '浏览器 UA',
  `operate_module` varchar(50) CHARACTER SET utf8mb4 COLLATE utf8mb4_unicode_ci NULL DEFAULT NULL COMMENT '操作模块',
  `operate_name` varchar(50) CHARACTER SET utf8mb4 COLLATE utf8mb4_unicode_ci NULL DEFAULT NULL COMMENT '操作名',
  `operate_type` tinyint(0) NULL DEFAULT 0 COMMENT '操作分类',
  `begin_time` datetime(0) NOT NULL COMMENT '开始请求时间',
  `end_time` datetime(0) NOT NULL COMMENT '结束请求时间',
  `duration` int(0) NOT NULL COMMENT '执行时长',
  `result_code` int(0) NOT NULL DEFAULT 0 COMMENT '结果码',
  `result_msg` varchar(512) CHARACTER SET utf8mb4 COLLATE utf8mb4_unicode_ci NULL DEFAULT '' COMMENT '结果提示',
  `creator` varchar(64) CHARACTER SET utf8mb4 COLLATE utf8mb4_unicode_ci NULL DEFAULT '' COMMENT '创建者',
  `create_time` datetime(0) NOT NULL DEFAULT CURRENT_TIMESTAMP(0) COMMENT '创建时间',
  `updater` varchar(64) CHARACTER SET utf8mb4 COLLATE utf8mb4_unicode_ci NULL DEFAULT '' COMMENT '更新者',
  `update_time` datetime(0) NOT NULL DEFAULT CURRENT_TIMESTAMP(0) ON UPDATE CURRENT_TIMESTAMP(0) COMMENT '更新时间',
  `deleted` bit(1) NOT NULL DEFAULT b'0' COMMENT '是否删除',
  `tenant_id` bigint(0) NOT NULL DEFAULT 0 COMMENT '租户编号',
  PRIMARY KEY (`id`) USING BTREE,
  INDEX `idx_create_time`(`create_time`) USING BTREE
) ENGINE = InnoDB AUTO_INCREMENT = 35934 CHARACTER SET = utf8mb4 COLLATE = utf8mb4_unicode_ci COMMENT = 'API 访问日志表' ROW_FORMAT = Dynamic;

-- ----------------------------
-- Records of infra_api_access_log
-- ----------------------------

-- ----------------------------
-- Table structure for infra_api_error_log
-- ----------------------------
DROP TABLE IF EXISTS `infra_api_error_log`;
CREATE TABLE `infra_api_error_log`  (
  `id` int(0) NOT NULL AUTO_INCREMENT COMMENT '编号',
  `trace_id` varchar(64) CHARACTER SET utf8mb4 COLLATE utf8mb4_unicode_ci NOT NULL COMMENT '链路追踪编号\n     *\n     * 一般来说，通过链路追踪编号，可以将访问日志，错误日志，链路追踪日志，logger 打印日志等，结合在一起，从而进行排错。',
  `user_id` int(0) NOT NULL DEFAULT 0 COMMENT '用户编号',
  `user_type` tinyint(0) NOT NULL DEFAULT 0 COMMENT '用户类型',
  `application_name` varchar(50) CHARACTER SET utf8mb4 COLLATE utf8mb4_unicode_ci NOT NULL COMMENT '应用名\n     *\n     * 目前读取 spring.application.name',
  `request_method` varchar(16) CHARACTER SET utf8mb4 COLLATE utf8mb4_unicode_ci NOT NULL COMMENT '请求方法名',
  `request_url` varchar(255) CHARACTER SET utf8mb4 COLLATE utf8mb4_unicode_ci NOT NULL COMMENT '请求地址',
  `request_params` varchar(8000) CHARACTER SET utf8mb4 COLLATE utf8mb4_unicode_ci NOT NULL COMMENT '请求参数',
  `user_ip` varchar(50) CHARACTER SET utf8mb4 COLLATE utf8mb4_unicode_ci NOT NULL COMMENT '用户 IP',
  `user_agent` varchar(512) CHARACTER SET utf8mb4 COLLATE utf8mb4_unicode_ci NOT NULL COMMENT '浏览器 UA',
  `exception_time` datetime(0) NOT NULL COMMENT '异常发生时间',
  `exception_name` varchar(128) CHARACTER SET utf8mb4 COLLATE utf8mb4_unicode_ci NOT NULL DEFAULT '' COMMENT '异常名\n     *\n     * {@link Throwable#getClass()} 的类全名',
  `exception_message` text CHARACTER SET utf8mb4 COLLATE utf8mb4_unicode_ci NOT NULL COMMENT '异常导致的消息\n     *\n     * {@link cn.iocoder.common.framework.util.ExceptionUtil#getMessage(Throwable)}',
  `exception_root_cause_message` text CHARACTER SET utf8mb4 COLLATE utf8mb4_unicode_ci NOT NULL COMMENT '异常导致的根消息\n     *\n     * {@link cn.iocoder.common.framework.util.ExceptionUtil#getRootCauseMessage(Throwable)}',
  `exception_stack_trace` text CHARACTER SET utf8mb4 COLLATE utf8mb4_unicode_ci NOT NULL COMMENT '异常的栈轨迹\n     *\n     * {@link cn.iocoder.common.framework.util.ExceptionUtil#getServiceException(Exception)}',
  `exception_class_name` varchar(512) CHARACTER SET utf8mb4 COLLATE utf8mb4_unicode_ci NOT NULL COMMENT '异常发生的类全名\n     *\n     * {@link StackTraceElement#getClassName()}',
  `exception_file_name` varchar(512) CHARACTER SET utf8mb4 COLLATE utf8mb4_unicode_ci NOT NULL COMMENT '异常发生的类文件\n     *\n     * {@link StackTraceElement#getFileName()}',
  `exception_method_name` varchar(512) CHARACTER SET utf8mb4 COLLATE utf8mb4_unicode_ci NOT NULL COMMENT '异常发生的方法名\n     *\n     * {@link StackTraceElement#getMethodName()}',
  `exception_line_number` int(0) NOT NULL COMMENT '异常发生的方法所在行\n     *\n     * {@link StackTraceElement#getLineNumber()}',
  `process_status` tinyint(0) NOT NULL COMMENT '处理状态',
  `process_time` datetime(0) NULL DEFAULT NULL COMMENT '处理时间',
  `process_user_id` int(0) NULL DEFAULT 0 COMMENT '处理用户编号',
  `creator` varchar(64) CHARACTER SET utf8mb4 COLLATE utf8mb4_unicode_ci NULL DEFAULT '' COMMENT '创建者',
  `create_time` datetime(0) NOT NULL DEFAULT CURRENT_TIMESTAMP(0) COMMENT '创建时间',
  `updater` varchar(64) CHARACTER SET utf8mb4 COLLATE utf8mb4_unicode_ci NULL DEFAULT '' COMMENT '更新者',
  `update_time` datetime(0) NOT NULL DEFAULT CURRENT_TIMESTAMP(0) ON UPDATE CURRENT_TIMESTAMP(0) COMMENT '更新时间',
  `deleted` bit(1) NOT NULL DEFAULT b'0' COMMENT '是否删除',
  `tenant_id` bigint(0) NOT NULL DEFAULT 0 COMMENT '租户编号',
  PRIMARY KEY (`id`) USING BTREE
) ENGINE = InnoDB AUTO_INCREMENT = 16530 CHARACTER SET = utf8mb4 COLLATE = utf8mb4_unicode_ci COMMENT = '系统异常日志' ROW_FORMAT = Dynamic;

-- ----------------------------
-- Records of infra_api_error_log
-- ----------------------------

-- ----------------------------
-- Table structure for infra_codegen_column
-- ----------------------------
DROP TABLE IF EXISTS `infra_codegen_column`;
CREATE TABLE `infra_codegen_column`  (
  `id` bigint(0) NOT NULL AUTO_INCREMENT COMMENT '编号',
  `table_id` bigint(0) NOT NULL COMMENT '表编号',
  `column_name` varchar(200) CHARACTER SET utf8mb4 COLLATE utf8mb4_unicode_ci NOT NULL COMMENT '字段名',
  `data_type` varchar(100) CHARACTER SET utf8mb4 COLLATE utf8mb4_unicode_ci NOT NULL COMMENT '字段类型',
  `column_comment` varchar(500) CHARACTER SET utf8mb4 COLLATE utf8mb4_unicode_ci NOT NULL COMMENT '字段描述',
  `nullable` bit(1) NOT NULL COMMENT '是否允许为空',
  `primary_key` bit(1) NOT NULL COMMENT '是否主键',
  `ordinal_position` int(0) NOT NULL COMMENT '排序',
  `java_type` varchar(32) CHARACTER SET utf8mb4 COLLATE utf8mb4_unicode_ci NOT NULL COMMENT 'Java 属性类型',
  `java_field` varchar(64) CHARACTER SET utf8mb4 COLLATE utf8mb4_unicode_ci NOT NULL COMMENT 'Java 属性名',
  `dict_type` varchar(200) CHARACTER SET utf8mb4 COLLATE utf8mb4_unicode_ci NULL DEFAULT '' COMMENT '字典类型',
  `example` varchar(64) CHARACTER SET utf8mb4 COLLATE utf8mb4_unicode_ci NULL DEFAULT NULL COMMENT '数据示例',
  `create_operation` bit(1) NOT NULL COMMENT '是否为 Create 创建操作的字段',
  `update_operation` bit(1) NOT NULL COMMENT '是否为 Update 更新操作的字段',
  `list_operation` bit(1) NOT NULL COMMENT '是否为 List 查询操作的字段',
  `list_operation_condition` varchar(32) CHARACTER SET utf8mb4 COLLATE utf8mb4_unicode_ci NOT NULL DEFAULT '=' COMMENT 'List 查询操作的条件类型',
  `list_operation_result` bit(1) NOT NULL COMMENT '是否为 List 查询操作的返回字段',
  `html_type` varchar(32) CHARACTER SET utf8mb4 COLLATE utf8mb4_unicode_ci NOT NULL COMMENT '显示类型',
  `creator` varchar(64) CHARACTER SET utf8mb4 COLLATE utf8mb4_unicode_ci NULL DEFAULT '' COMMENT '创建者',
  `create_time` datetime(0) NOT NULL DEFAULT CURRENT_TIMESTAMP(0) COMMENT '创建时间',
  `updater` varchar(64) CHARACTER SET utf8mb4 COLLATE utf8mb4_unicode_ci NULL DEFAULT '' COMMENT '更新者',
  `update_time` datetime(0) NOT NULL DEFAULT CURRENT_TIMESTAMP(0) ON UPDATE CURRENT_TIMESTAMP(0) COMMENT '更新时间',
  `deleted` bit(1) NOT NULL DEFAULT b'0' COMMENT '是否删除',
  PRIMARY KEY (`id`) USING BTREE
) ENGINE = InnoDB AUTO_INCREMENT = 2305 CHARACTER SET = utf8mb4 COLLATE = utf8mb4_unicode_ci COMMENT = '代码生成表字段定义' ROW_FORMAT = Dynamic;

-- ----------------------------
-- Records of infra_codegen_column
-- ----------------------------

-- ----------------------------
-- Table structure for infra_codegen_table
-- ----------------------------
DROP TABLE IF EXISTS `infra_codegen_table`;
CREATE TABLE `infra_codegen_table`  (
  `id` bigint(0) NOT NULL AUTO_INCREMENT COMMENT '编号',
  `data_source_config_id` bigint(0) NOT NULL COMMENT '数据源配置的编号',
  `scene` tinyint(0) NOT NULL DEFAULT 1 COMMENT '生成场景',
  `table_name` varchar(200) CHARACTER SET utf8mb4 COLLATE utf8mb4_unicode_ci NOT NULL DEFAULT '' COMMENT '表名称',
  `table_comment` varchar(500) CHARACTER SET utf8mb4 COLLATE utf8mb4_unicode_ci NOT NULL DEFAULT '' COMMENT '表描述',
  `remark` varchar(500) CHARACTER SET utf8mb4 COLLATE utf8mb4_unicode_ci NULL DEFAULT NULL COMMENT '备注',
  `module_name` varchar(30) CHARACTER SET utf8mb4 COLLATE utf8mb4_unicode_ci NOT NULL COMMENT '模块名',
  `business_name` varchar(30) CHARACTER SET utf8mb4 COLLATE utf8mb4_unicode_ci NOT NULL COMMENT '业务名',
  `class_name` varchar(100) CHARACTER SET utf8mb4 COLLATE utf8mb4_unicode_ci NOT NULL DEFAULT '' COMMENT '类名称',
  `class_comment` varchar(50) CHARACTER SET utf8mb4 COLLATE utf8mb4_unicode_ci NOT NULL COMMENT '类描述',
  `author` varchar(50) CHARACTER SET utf8mb4 COLLATE utf8mb4_unicode_ci NOT NULL COMMENT '作者',
  `template_type` tinyint(0) NOT NULL DEFAULT 1 COMMENT '模板类型',
  `front_type` tinyint(0) NOT NULL COMMENT '前端类型',
  `parent_menu_id` bigint(0) NULL DEFAULT NULL COMMENT '父菜单编号',
  `master_table_id` bigint(0) NULL DEFAULT NULL COMMENT '主表的编号',
  `sub_join_column_id` bigint(0) NULL DEFAULT NULL COMMENT '子表关联主表的字段编号',
  `sub_join_many` bit(1) NULL DEFAULT NULL COMMENT '主表与子表是否一对多',
  `tree_parent_column_id` bigint(0) NULL DEFAULT NULL COMMENT '树表的父字段编号',
  `tree_name_column_id` bigint(0) NULL DEFAULT NULL COMMENT '树表的名字字段编号',
  `creator` varchar(64) CHARACTER SET utf8mb4 COLLATE utf8mb4_unicode_ci NULL DEFAULT '' COMMENT '创建者',
  `create_time` datetime(0) NOT NULL DEFAULT CURRENT_TIMESTAMP(0) COMMENT '创建时间',
  `updater` varchar(64) CHARACTER SET utf8mb4 COLLATE utf8mb4_unicode_ci NULL DEFAULT '' COMMENT '更新者',
  `update_time` datetime(0) NOT NULL DEFAULT CURRENT_TIMESTAMP(0) ON UPDATE CURRENT_TIMESTAMP(0) COMMENT '更新时间',
  `deleted` bit(1) NOT NULL DEFAULT b'0' COMMENT '是否删除',
  PRIMARY KEY (`id`) USING BTREE
) ENGINE = InnoDB AUTO_INCREMENT = 176 CHARACTER SET = utf8mb4 COLLATE = utf8mb4_unicode_ci COMMENT = '代码生成表定义' ROW_FORMAT = Dynamic;

-- ----------------------------
-- Records of infra_codegen_table
-- ----------------------------

-- ----------------------------
-- Table structure for infra_config
-- ----------------------------
DROP TABLE IF EXISTS `infra_config`;
CREATE TABLE `infra_config`  (
  `id` int(0) NOT NULL AUTO_INCREMENT COMMENT '参数主键',
  `category` varchar(50) CHARACTER SET utf8mb4 COLLATE utf8mb4_unicode_ci NOT NULL COMMENT '参数分组',
  `type` tinyint(0) NOT NULL COMMENT '参数类型',
  `name` varchar(100) CHARACTER SET utf8mb4 COLLATE utf8mb4_unicode_ci NOT NULL DEFAULT '' COMMENT '参数名称',
  `config_key` varchar(100) CHARACTER SET utf8mb4 COLLATE utf8mb4_unicode_ci NOT NULL DEFAULT '' COMMENT '参数键名',
  `value` varchar(500) CHARACTER SET utf8mb4 COLLATE utf8mb4_unicode_ci NOT NULL DEFAULT '' COMMENT '参数键值',
  `visible` bit(1) NOT NULL COMMENT '是否可见',
  `remark` varchar(500) CHARACTER SET utf8mb4 COLLATE utf8mb4_unicode_ci NULL DEFAULT NULL COMMENT '备注',
  `creator` varchar(64) CHARACTER SET utf8mb4 COLLATE utf8mb4_unicode_ci NULL DEFAULT '' COMMENT '创建者',
  `create_time` datetime(0) NOT NULL DEFAULT CURRENT_TIMESTAMP(0) COMMENT '创建时间',
  `updater` varchar(64) CHARACTER SET utf8mb4 COLLATE utf8mb4_unicode_ci NULL DEFAULT '' COMMENT '更新者',
  `update_time` datetime(0) NOT NULL DEFAULT CURRENT_TIMESTAMP(0) ON UPDATE CURRENT_TIMESTAMP(0) COMMENT '更新时间',
  `deleted` bit(1) NOT NULL DEFAULT b'0' COMMENT '是否删除',
  PRIMARY KEY (`id`) USING BTREE
) ENGINE = InnoDB AUTO_INCREMENT = 13 CHARACTER SET = utf8mb4 COLLATE = utf8mb4_unicode_ci COMMENT = '参数配置表' ROW_FORMAT = Dynamic;

-- ----------------------------
-- Records of infra_config
-- ----------------------------
INSERT INTO `infra_config` VALUES (2, 'biz', 1, '用户管理-账号初始密码', 'sys.user.init-password', '123456', b'0', '初始化密码 123456', 'admin', '2021-01-05 17:03:48', '1', '2024-04-03 17:22:28', b'0');
INSERT INTO `infra_config` VALUES (7, 'url', 2, 'MySQL 监控的地址', 'url.druid', '', b'1', '', '1', '2023-04-07 13:41:16', '1', '2023-04-07 14:33:38', b'0');
INSERT INTO `infra_config` VALUES (8, 'url', 2, 'SkyWalking 监控的地址', 'url.skywalking', '', b'1', '', '1', '2023-04-07 13:41:16', '1', '2023-04-07 14:57:03', b'0');
INSERT INTO `infra_config` VALUES (9, 'url', 2, 'Spring Boot Admin 监控的地址', 'url.spring-boot-admin', '', b'1', '', '1', '2023-04-07 13:41:16', '1', '2023-04-07 14:52:07', b'0');
INSERT INTO `infra_config` VALUES (10, 'url', 2, 'Swagger 接口文档的地址', 'url.swagger', '', b'1', '', '1', '2023-04-07 13:41:16', '1', '2023-04-07 14:59:00', b'0');
INSERT INTO `infra_config` VALUES (11, 'ui', 2, '腾讯地图 key', 'tencent.lbs.key', 'TVDBZ-TDILD-4ON4B-PFDZA-RNLKH-VVF6E', b'1', '腾讯地图 key', '1', '2023-06-03 19:16:27', '1', '2023-06-03 19:16:27', b'0');
INSERT INTO `infra_config` VALUES (12, 'test2', 2, 'test3', 'test4', 'test5', b'1', 'test6', '1', '2023-12-03 09:55:16', '1', '2023-12-03 09:55:27', b'0');

-- ----------------------------
-- Table structure for infra_data_source_config
-- ----------------------------
DROP TABLE IF EXISTS `infra_data_source_config`;
CREATE TABLE `infra_data_source_config`  (
  `id` bigint(0) NOT NULL AUTO_INCREMENT COMMENT '主键编号',
  `name` varchar(100) CHARACTER SET utf8mb4 COLLATE utf8mb4_unicode_ci NOT NULL DEFAULT '' COMMENT '参数名称',
  `url` varchar(1024) CHARACTER SET utf8mb4 COLLATE utf8mb4_unicode_ci NOT NULL COMMENT '数据源连接',
  `username` varchar(255) CHARACTER SET utf8mb4 COLLATE utf8mb4_unicode_ci NOT NULL COMMENT '用户名',
  `password` varchar(255) CHARACTER SET utf8mb4 COLLATE utf8mb4_unicode_ci NOT NULL DEFAULT '' COMMENT '密码',
  `creator` varchar(64) CHARACTER SET utf8mb4 COLLATE utf8mb4_unicode_ci NULL DEFAULT '' COMMENT '创建者',
  `create_time` datetime(0) NOT NULL DEFAULT CURRENT_TIMESTAMP(0) COMMENT '创建时间',
  `updater` varchar(64) CHARACTER SET utf8mb4 COLLATE utf8mb4_unicode_ci NULL DEFAULT '' COMMENT '更新者',
  `update_time` datetime(0) NOT NULL DEFAULT CURRENT_TIMESTAMP(0) ON UPDATE CURRENT_TIMESTAMP(0) COMMENT '更新时间',
  `deleted` bit(1) NOT NULL DEFAULT b'0' COMMENT '是否删除',
  PRIMARY KEY (`id`) USING BTREE
) ENGINE = InnoDB AUTO_INCREMENT = 14 CHARACTER SET = utf8mb4 COLLATE = utf8mb4_unicode_ci COMMENT = '数据源配置表' ROW_FORMAT = Dynamic;

-- ----------------------------
-- Records of infra_data_source_config
-- ----------------------------

-- ----------------------------
-- Table structure for infra_file
-- ----------------------------
DROP TABLE IF EXISTS `infra_file`;
CREATE TABLE `infra_file`  (
  `id` bigint(0) NOT NULL AUTO_INCREMENT COMMENT '文件编号',
  `config_id` bigint(0) NULL DEFAULT NULL COMMENT '配置编号',
  `name` varchar(256) CHARACTER SET utf8mb4 COLLATE utf8mb4_unicode_ci NULL DEFAULT NULL COMMENT '文件名',
  `path` varchar(512) CHARACTER SET utf8mb4 COLLATE utf8mb4_unicode_ci NOT NULL COMMENT '文件路径',
  `url` varchar(1024) CHARACTER SET utf8mb4 COLLATE utf8mb4_unicode_ci NOT NULL COMMENT '文件 URL',
  `type` varchar(128) CHARACTER SET utf8mb4 COLLATE utf8mb4_unicode_ci NULL DEFAULT NULL COMMENT '文件类型',
  `size` int(0) NOT NULL COMMENT '文件大小',
  `creator` varchar(64) CHARACTER SET utf8mb4 COLLATE utf8mb4_unicode_ci NULL DEFAULT '' COMMENT '创建者',
  `create_time` datetime(0) NOT NULL DEFAULT CURRENT_TIMESTAMP(0) COMMENT '创建时间',
  `updater` varchar(64) CHARACTER SET utf8mb4 COLLATE utf8mb4_unicode_ci NULL DEFAULT '' COMMENT '更新者',
  `update_time` datetime(0) NOT NULL DEFAULT CURRENT_TIMESTAMP(0) ON UPDATE CURRENT_TIMESTAMP(0) COMMENT '更新时间',
  `deleted` bit(1) NOT NULL DEFAULT b'0' COMMENT '是否删除',
  PRIMARY KEY (`id`) USING BTREE
) ENGINE = InnoDB AUTO_INCREMENT = 1307 CHARACTER SET = utf8mb4 COLLATE = utf8mb4_unicode_ci COMMENT = '文件表' ROW_FORMAT = Dynamic;

-- ----------------------------
-- Records of infra_file
-- ----------------------------

-- ----------------------------
-- Table structure for infra_file_config
-- ----------------------------
DROP TABLE IF EXISTS `infra_file_config`;
CREATE TABLE `infra_file_config`  (
  `id` bigint(0) NOT NULL AUTO_INCREMENT COMMENT '编号',
  `name` varchar(63) CHARACTER SET utf8mb4 COLLATE utf8mb4_unicode_ci NOT NULL COMMENT '配置名',
  `storage` tinyint(0) NOT NULL COMMENT '存储器',
  `remark` varchar(255) CHARACTER SET utf8mb4 COLLATE utf8mb4_unicode_ci NULL DEFAULT NULL COMMENT '备注',
  `master` bit(1) NOT NULL COMMENT '是否为主配置',
  `config` varchar(4096) CHARACTER SET utf8mb4 COLLATE utf8mb4_unicode_ci NOT NULL COMMENT '存储配置',
  `creator` varchar(64) CHARACTER SET utf8mb4 COLLATE utf8mb4_unicode_ci NULL DEFAULT '' COMMENT '创建者',
  `create_time` datetime(0) NOT NULL DEFAULT CURRENT_TIMESTAMP(0) COMMENT '创建时间',
  `updater` varchar(64) CHARACTER SET utf8mb4 COLLATE utf8mb4_unicode_ci NULL DEFAULT '' COMMENT '更新者',
  `update_time` datetime(0) NOT NULL DEFAULT CURRENT_TIMESTAMP(0) ON UPDATE CURRENT_TIMESTAMP(0) COMMENT '更新时间',
  `deleted` bit(1) NOT NULL DEFAULT b'0' COMMENT '是否删除',
  PRIMARY KEY (`id`) USING BTREE
) ENGINE = InnoDB AUTO_INCREMENT = 24 CHARACTER SET = utf8mb4 COLLATE = utf8mb4_unicode_ci COMMENT = '文件配置表' ROW_FORMAT = Dynamic;

-- ----------------------------
-- Records of infra_file_config
-- ----------------------------
INSERT INTO `infra_file_config` VALUES (4, '数据库', 1, '我是数据库', b'1', '{\"@class\":\"cn.iocoder.yudao.module.infra.framework.file.core.client.db.DBFileClientConfig\",\"domain\":\"http://127.0.0.1:48080\"}', '1', '2022-03-15 23:56:24', '1', '2024-06-01 23:37:48', b'0');
INSERT INTO `infra_file_config` VALUES (22, '七牛存储器', 20, '', b'0', '{\"@class\":\"cn.iocoder.yudao.module.infra.framework.file.core.client.s3.S3FileClientConfig\",\"endpoint\":\"s3.cn-south-1.qiniucs.com\",\"domain\":\"http://test.yudao.iocoder.cn\",\"bucket\":\"ruoyi-vue-pro\",\"accessKey\":\"3TvrJ70gl2Gt6IBe7_IZT1F6i_k0iMuRtyEv4EyS\",\"accessSecret\":\"wd0tbVBYlp0S-ihA8Qg2hPLncoP83wyrIq24OZuY\"}', '1', '2024-01-13 22:11:12', '1', '2024-06-01 23:37:48', b'0');

-- ----------------------------
-- Table structure for infra_file_content
-- ----------------------------
DROP TABLE IF EXISTS `infra_file_content`;
CREATE TABLE `infra_file_content`  (
  `id` bigint(0) NOT NULL AUTO_INCREMENT COMMENT '编号',
  `config_id` bigint(0) NOT NULL COMMENT '配置编号',
  `path` varchar(512) CHARACTER SET utf8mb4 COLLATE utf8mb4_unicode_ci NOT NULL COMMENT '文件路径',
  `content` mediumblob NOT NULL COMMENT '文件内容',
  `creator` varchar(64) CHARACTER SET utf8mb4 COLLATE utf8mb4_unicode_ci NULL DEFAULT '' COMMENT '创建者',
  `create_time` datetime(0) NOT NULL DEFAULT CURRENT_TIMESTAMP(0) COMMENT '创建时间',
  `updater` varchar(64) CHARACTER SET utf8mb4 COLLATE utf8mb4_unicode_ci NULL DEFAULT '' COMMENT '更新者',
  `update_time` datetime(0) NOT NULL DEFAULT CURRENT_TIMESTAMP(0) ON UPDATE CURRENT_TIMESTAMP(0) COMMENT '更新时间',
  `deleted` bit(1) NOT NULL DEFAULT b'0' COMMENT '是否删除',
  PRIMARY KEY (`id`) USING BTREE
) ENGINE = InnoDB AUTO_INCREMENT = 283 CHARACTER SET = utf8mb4 COLLATE = utf8mb4_unicode_ci COMMENT = '文件表' ROW_FORMAT = Dynamic;

-- ----------------------------
-- Records of infra_file_content
-- ----------------------------

-- ----------------------------
-- Table structure for infra_job
-- ----------------------------
DROP TABLE IF EXISTS `infra_job`;
CREATE TABLE `infra_job`  (
  `id` bigint(0) NOT NULL AUTO_INCREMENT COMMENT '任务编号',
  `name` varchar(32) CHARACTER SET utf8mb4 COLLATE utf8mb4_unicode_ci NOT NULL COMMENT '任务名称',
  `status` tinyint(0) NOT NULL COMMENT '任务状态',
  `handler_name` varchar(64) CHARACTER SET utf8mb4 COLLATE utf8mb4_unicode_ci NOT NULL COMMENT '处理器的名字',
  `handler_param` varchar(255) CHARACTER SET utf8mb4 COLLATE utf8mb4_unicode_ci NULL DEFAULT NULL COMMENT '处理器的参数',
  `cron_expression` varchar(32) CHARACTER SET utf8mb4 COLLATE utf8mb4_unicode_ci NOT NULL COMMENT 'CRON 表达式',
  `retry_count` int(0) NOT NULL DEFAULT 0 COMMENT '重试次数',
  `retry_interval` int(0) NOT NULL DEFAULT 0 COMMENT '重试间隔',
  `monitor_timeout` int(0) NOT NULL DEFAULT 0 COMMENT '监控超时时间',
  `creator` varchar(64) CHARACTER SET utf8mb4 COLLATE utf8mb4_unicode_ci NULL DEFAULT '' COMMENT '创建者',
  `create_time` datetime(0) NOT NULL DEFAULT CURRENT_TIMESTAMP(0) COMMENT '创建时间',
  `updater` varchar(64) CHARACTER SET utf8mb4 COLLATE utf8mb4_unicode_ci NULL DEFAULT '' COMMENT '更新者',
  `update_time` datetime(0) NOT NULL DEFAULT CURRENT_TIMESTAMP(0) ON UPDATE CURRENT_TIMESTAMP(0) COMMENT '更新时间',
  `deleted` bit(1) NOT NULL DEFAULT b'0' COMMENT '是否删除',
  PRIMARY KEY (`id`) USING BTREE
) ENGINE = InnoDB AUTO_INCREMENT = 32 CHARACTER SET = utf8mb4 COLLATE = utf8mb4_unicode_ci COMMENT = '定时任务表' ROW_FORMAT = Dynamic;

-- ----------------------------
-- Records of infra_job
-- ----------------------------
INSERT INTO `infra_job` VALUES (5, '支付通知 Job', 2, 'payNotifyJob', NULL, '* * * * * ?', 0, 0, 0, '1', '2021-10-27 08:34:42', '1', '2023-07-09 20:51:41', b'0');
INSERT INTO `infra_job` VALUES (17, '支付订单同步 Job', 2, 'payOrderSyncJob', NULL, '0 0/1 * * * ?', 0, 0, 0, '1', '2023-07-22 14:36:26', '1', '2023-07-22 15:39:08', b'0');
INSERT INTO `infra_job` VALUES (18, '支付订单过期 Job', 2, 'payOrderExpireJob', NULL, '0 0/1 * * * ?', 0, 0, 0, '1', '2023-07-22 15:36:23', '1', '2023-07-22 15:39:54', b'0');
INSERT INTO `infra_job` VALUES (19, '退款订单的同步 Job', 2, 'payRefundSyncJob', NULL, '0 0/1 * * * ?', 0, 0, 0, '1', '2023-07-23 21:03:44', '1', '2023-07-23 21:09:00', b'0');
INSERT INTO `infra_job` VALUES (21, '交易订单的自动过期 Job', 2, 'tradeOrderAutoCancelJob', '', '0 * * * * ?', 3, 0, 0, '1', '2023-09-25 23:43:26', '1', '2023-09-26 19:23:30', b'0');
INSERT INTO `infra_job` VALUES (22, '交易订单的自动收货 Job', 2, 'tradeOrderAutoReceiveJob', '', '0 * * * * ?', 3, 0, 0, '1', '2023-09-26 19:23:53', '1', '2023-09-26 23:38:08', b'0');
INSERT INTO `infra_job` VALUES (23, '交易订单的自动评论 Job', 2, 'tradeOrderAutoCommentJob', '', '0 * * * * ?', 3, 0, 0, '1', '2023-09-26 23:38:29', '1', '2023-09-27 11:03:10', b'0');
INSERT INTO `infra_job` VALUES (24, '佣金解冻 Job', 2, 'brokerageRecordUnfreezeJob', '', '0 * * * * ?', 3, 0, 0, '1', '2023-09-28 22:01:46', '1', '2023-09-28 22:01:56', b'0');
INSERT INTO `infra_job` VALUES (25, '访问日志清理 Job', 2, 'accessLogCleanJob', '', '0 0 0 * * ?', 3, 0, 0, '1', '2023-10-03 10:59:41', '1', '2023-10-03 11:01:10', b'0');
INSERT INTO `infra_job` VALUES (26, '错误日志清理 Job', 2, 'errorLogCleanJob', '', '0 0 0 * * ?', 3, 0, 0, '1', '2023-10-03 11:00:43', '1', '2023-10-03 11:01:12', b'0');
INSERT INTO `infra_job` VALUES (27, '任务日志清理 Job', 2, 'jobLogCleanJob', '', '0 0 0 * * ?', 3, 0, 0, '1', '2023-10-03 11:01:33', '1', '2023-10-03 11:01:42', b'0');

-- ----------------------------
-- Table structure for infra_job_log
-- ----------------------------
DROP TABLE IF EXISTS `infra_job_log`;
CREATE TABLE `infra_job_log`  (
  `id` bigint(0) NOT NULL AUTO_INCREMENT COMMENT '日志编号',
  `job_id` bigint(0) NOT NULL COMMENT '任务编号',
  `handler_name` varchar(64) CHARACTER SET utf8mb4 COLLATE utf8mb4_unicode_ci NOT NULL COMMENT '处理器的名字',
  `handler_param` varchar(255) CHARACTER SET utf8mb4 COLLATE utf8mb4_unicode_ci NULL DEFAULT NULL COMMENT '处理器的参数',
  `execute_index` tinyint(0) NOT NULL DEFAULT 1 COMMENT '第几次执行',
  `begin_time` datetime(0) NOT NULL COMMENT '开始执行时间',
  `end_time` datetime(0) NULL DEFAULT NULL COMMENT '结束执行时间',
  `duration` int(0) NULL DEFAULT NULL COMMENT '执行时长',
  `status` tinyint(0) NOT NULL COMMENT '任务状态',
  `result` varchar(4000) CHARACTER SET utf8mb4 COLLATE utf8mb4_unicode_ci NULL DEFAULT '' COMMENT '结果数据',
  `creator` varchar(64) CHARACTER SET utf8mb4 COLLATE utf8mb4_unicode_ci NULL DEFAULT '' COMMENT '创建者',
  `create_time` datetime(0) NOT NULL DEFAULT CURRENT_TIMESTAMP(0) COMMENT '创建时间',
  `updater` varchar(64) CHARACTER SET utf8mb4 COLLATE utf8mb4_unicode_ci NULL DEFAULT '' COMMENT '更新者',
  `update_time` datetime(0) NOT NULL DEFAULT CURRENT_TIMESTAMP(0) ON UPDATE CURRENT_TIMESTAMP(0) COMMENT '更新时间',
  `deleted` bit(1) NOT NULL DEFAULT b'0' COMMENT '是否删除',
  PRIMARY KEY (`id`) USING BTREE
) ENGINE = InnoDB AUTO_INCREMENT = 395 CHARACTER SET = utf8mb4 COLLATE = utf8mb4_unicode_ci COMMENT = '定时任务日志表' ROW_FORMAT = Dynamic;

-- ----------------------------
-- Records of infra_job_log
-- ----------------------------

-- ----------------------------
-- Table structure for qrtz_blob_triggers
-- ----------------------------
DROP TABLE IF EXISTS `qrtz_blob_triggers`;
CREATE TABLE `qrtz_blob_triggers`  (
  `SCHED_NAME` varchar(120) CHARACTER SET utf8mb4 COLLATE utf8mb4_unicode_ci NOT NULL,
  `TRIGGER_NAME` varchar(190) CHARACTER SET utf8mb4 COLLATE utf8mb4_unicode_ci NOT NULL,
  `TRIGGER_GROUP` varchar(190) CHARACTER SET utf8mb4 COLLATE utf8mb4_unicode_ci NOT NULL,
  `BLOB_DATA` blob NULL,
  PRIMARY KEY (`SCHED_NAME`, `TRIGGER_NAME`, `TRIGGER_GROUP`) USING BTREE,
  INDEX `SCHED_NAME`(`SCHED_NAME`, `TRIGGER_NAME`, `TRIGGER_GROUP`) USING BTREE,
  CONSTRAINT `qrtz_blob_triggers_ibfk_1` FOREIGN KEY (`SCHED_NAME`, `TRIGGER_NAME`, `TRIGGER_GROUP`) REFERENCES `qrtz_triggers` (`SCHED_NAME`, `TRIGGER_NAME`, `TRIGGER_GROUP`) ON DELETE RESTRICT ON UPDATE RESTRICT
) ENGINE = InnoDB CHARACTER SET = utf8mb4 COLLATE = utf8mb4_unicode_ci ROW_FORMAT = Dynamic;

-- ----------------------------
-- Records of qrtz_blob_triggers
-- ----------------------------

-- ----------------------------
-- Table structure for qrtz_calendars
-- ----------------------------
DROP TABLE IF EXISTS `qrtz_calendars`;
CREATE TABLE `qrtz_calendars`  (
  `SCHED_NAME` varchar(120) CHARACTER SET utf8mb4 COLLATE utf8mb4_unicode_ci NOT NULL,
  `CALENDAR_NAME` varchar(190) CHARACTER SET utf8mb4 COLLATE utf8mb4_unicode_ci NOT NULL,
  `CALENDAR` blob NOT NULL,
  PRIMARY KEY (`SCHED_NAME`, `CALENDAR_NAME`) USING BTREE
) ENGINE = InnoDB CHARACTER SET = utf8mb4 COLLATE = utf8mb4_unicode_ci ROW_FORMAT = Dynamic;

-- ----------------------------
-- Records of qrtz_calendars
-- ----------------------------

-- ----------------------------
-- Table structure for qrtz_cron_triggers
-- ----------------------------
DROP TABLE IF EXISTS `qrtz_cron_triggers`;
CREATE TABLE `qrtz_cron_triggers`  (
  `SCHED_NAME` varchar(120) CHARACTER SET utf8mb4 COLLATE utf8mb4_unicode_ci NOT NULL,
  `TRIGGER_NAME` varchar(190) CHARACTER SET utf8mb4 COLLATE utf8mb4_unicode_ci NOT NULL,
  `TRIGGER_GROUP` varchar(190) CHARACTER SET utf8mb4 COLLATE utf8mb4_unicode_ci NOT NULL,
  `CRON_EXPRESSION` varchar(120) CHARACTER SET utf8mb4 COLLATE utf8mb4_unicode_ci NOT NULL,
  `TIME_ZONE_ID` varchar(80) CHARACTER SET utf8mb4 COLLATE utf8mb4_unicode_ci NULL DEFAULT NULL,
  PRIMARY KEY (`SCHED_NAME`, `TRIGGER_NAME`, `TRIGGER_GROUP`) USING BTREE,
  CONSTRAINT `qrtz_cron_triggers_ibfk_1` FOREIGN KEY (`SCHED_NAME`, `TRIGGER_NAME`, `TRIGGER_GROUP`) REFERENCES `qrtz_triggers` (`SCHED_NAME`, `TRIGGER_NAME`, `TRIGGER_GROUP`) ON DELETE RESTRICT ON UPDATE RESTRICT
) ENGINE = InnoDB CHARACTER SET = utf8mb4 COLLATE = utf8mb4_unicode_ci ROW_FORMAT = Dynamic;

-- ----------------------------
-- Records of qrtz_cron_triggers
-- ----------------------------
INSERT INTO `qrtz_cron_triggers` VALUES ('schedulerName', 'accessLogCleanJob', 'DEFAULT', '0 0 0 * * ?', 'Asia/Shanghai');
INSERT INTO `qrtz_cron_triggers` VALUES ('schedulerName', 'brokerageRecordUnfreezeJob', 'DEFAULT', '0 * * * * ?', 'Asia/Shanghai');
INSERT INTO `qrtz_cron_triggers` VALUES ('schedulerName', 'errorLogCleanJob', 'DEFAULT', '0 0 0 * * ?', 'Asia/Shanghai');
INSERT INTO `qrtz_cron_triggers` VALUES ('schedulerName', 'jobLogCleanJob', 'DEFAULT', '0 0 0 * * ?', 'Asia/Shanghai');
INSERT INTO `qrtz_cron_triggers` VALUES ('schedulerName', 'payNotifyJob', 'DEFAULT', '* * * * * ?', 'Asia/Shanghai');
INSERT INTO `qrtz_cron_triggers` VALUES ('schedulerName', 'payOrderExpireJob', 'DEFAULT', '0 0/1 * * * ?', 'Asia/Shanghai');
INSERT INTO `qrtz_cron_triggers` VALUES ('schedulerName', 'payOrderSyncJob', 'DEFAULT', '0 0/1 * * * ?', 'Asia/Shanghai');
INSERT INTO `qrtz_cron_triggers` VALUES ('schedulerName', 'payRefundSyncJob', 'DEFAULT', '0 0/1 * * * ?', 'Asia/Shanghai');
INSERT INTO `qrtz_cron_triggers` VALUES ('schedulerName', 'tradeOrderAutoCancelJob', 'DEFAULT', '0 * * * * ?', 'Asia/Shanghai');
INSERT INTO `qrtz_cron_triggers` VALUES ('schedulerName', 'tradeOrderAutoCommentJob', 'DEFAULT', '0 * * * * ?', 'Asia/Shanghai');
INSERT INTO `qrtz_cron_triggers` VALUES ('schedulerName', 'tradeOrderAutoReceiveJob', 'DEFAULT', '0 * * * * ?', 'Asia/Shanghai');

-- ----------------------------
-- Table structure for qrtz_fired_triggers
-- ----------------------------
DROP TABLE IF EXISTS `qrtz_fired_triggers`;
CREATE TABLE `qrtz_fired_triggers`  (
  `SCHED_NAME` varchar(120) CHARACTER SET utf8mb4 COLLATE utf8mb4_unicode_ci NOT NULL,
  `ENTRY_ID` varchar(95) CHARACTER SET utf8mb4 COLLATE utf8mb4_unicode_ci NOT NULL,
  `TRIGGER_NAME` varchar(190) CHARACTER SET utf8mb4 COLLATE utf8mb4_unicode_ci NOT NULL,
  `TRIGGER_GROUP` varchar(190) CHARACTER SET utf8mb4 COLLATE utf8mb4_unicode_ci NOT NULL,
  `INSTANCE_NAME` varchar(190) CHARACTER SET utf8mb4 COLLATE utf8mb4_unicode_ci NOT NULL,
  `FIRED_TIME` bigint(0) NOT NULL,
  `SCHED_TIME` bigint(0) NOT NULL,
  `PRIORITY` int(0) NOT NULL,
  `STATE` varchar(16) CHARACTER SET utf8mb4 COLLATE utf8mb4_unicode_ci NOT NULL,
  `JOB_NAME` varchar(190) CHARACTER SET utf8mb4 COLLATE utf8mb4_unicode_ci NULL DEFAULT NULL,
  `JOB_GROUP` varchar(190) CHARACTER SET utf8mb4 COLLATE utf8mb4_unicode_ci NULL DEFAULT NULL,
  `IS_NONCONCURRENT` varchar(1) CHARACTER SET utf8mb4 COLLATE utf8mb4_unicode_ci NULL DEFAULT NULL,
  `REQUESTS_RECOVERY` varchar(1) CHARACTER SET utf8mb4 COLLATE utf8mb4_unicode_ci NULL DEFAULT NULL,
  PRIMARY KEY (`SCHED_NAME`, `ENTRY_ID`) USING BTREE,
  INDEX `IDX_QRTZ_FT_TRIG_INST_NAME`(`SCHED_NAME`, `INSTANCE_NAME`) USING BTREE,
  INDEX `IDX_QRTZ_FT_INST_JOB_REQ_RCVRY`(`SCHED_NAME`, `INSTANCE_NAME`, `REQUESTS_RECOVERY`) USING BTREE,
  INDEX `IDX_QRTZ_FT_J_G`(`SCHED_NAME`, `JOB_NAME`, `JOB_GROUP`) USING BTREE,
  INDEX `IDX_QRTZ_FT_JG`(`SCHED_NAME`, `JOB_GROUP`) USING BTREE,
  INDEX `IDX_QRTZ_FT_T_G`(`SCHED_NAME`, `TRIGGER_NAME`, `TRIGGER_GROUP`) USING BTREE,
  INDEX `IDX_QRTZ_FT_TG`(`SCHED_NAME`, `TRIGGER_GROUP`) USING BTREE
) ENGINE = InnoDB CHARACTER SET = utf8mb4 COLLATE = utf8mb4_unicode_ci ROW_FORMAT = Dynamic;

-- ----------------------------
-- Records of qrtz_fired_triggers
-- ----------------------------

-- ----------------------------
-- Table structure for qrtz_job_details
-- ----------------------------
DROP TABLE IF EXISTS `qrtz_job_details`;
CREATE TABLE `qrtz_job_details`  (
  `SCHED_NAME` varchar(120) CHARACTER SET utf8mb4 COLLATE utf8mb4_unicode_ci NOT NULL,
  `JOB_NAME` varchar(190) CHARACTER SET utf8mb4 COLLATE utf8mb4_unicode_ci NOT NULL,
  `JOB_GROUP` varchar(190) CHARACTER SET utf8mb4 COLLATE utf8mb4_unicode_ci NOT NULL,
  `DESCRIPTION` varchar(250) CHARACTER SET utf8mb4 COLLATE utf8mb4_unicode_ci NULL DEFAULT NULL,
  `JOB_CLASS_NAME` varchar(250) CHARACTER SET utf8mb4 COLLATE utf8mb4_unicode_ci NOT NULL,
  `IS_DURABLE` varchar(1) CHARACTER SET utf8mb4 COLLATE utf8mb4_unicode_ci NOT NULL,
  `IS_NONCONCURRENT` varchar(1) CHARACTER SET utf8mb4 COLLATE utf8mb4_unicode_ci NOT NULL,
  `IS_UPDATE_DATA` varchar(1) CHARACTER SET utf8mb4 COLLATE utf8mb4_unicode_ci NOT NULL,
  `REQUESTS_RECOVERY` varchar(1) CHARACTER SET utf8mb4 COLLATE utf8mb4_unicode_ci NOT NULL,
  `JOB_DATA` blob NULL,
  PRIMARY KEY (`SCHED_NAME`, `JOB_NAME`, `JOB_GROUP`) USING BTREE,
  INDEX `IDX_QRTZ_J_REQ_RECOVERY`(`SCHED_NAME`, `REQUESTS_RECOVERY`) USING BTREE,
  INDEX `IDX_QRTZ_J_GRP`(`SCHED_NAME`, `JOB_GROUP`) USING BTREE
) ENGINE = InnoDB CHARACTER SET = utf8mb4 COLLATE = utf8mb4_unicode_ci ROW_FORMAT = Dynamic;

-- ----------------------------
-- Records of qrtz_job_details
-- ----------------------------
INSERT INTO `qrtz_job_details` VALUES ('schedulerName', 'accessLogCleanJob', 'DEFAULT', NULL, 'cn.iocoder.yudao.framework.quartz.core.handler.JobHandlerInvoker', '0', '1', '1', '0', 0xACED0005737200156F72672E71756172747A2E4A6F62446174614D61709FB083E8BFA9B0CB020000787200266F72672E71756172747A2E7574696C732E537472696E674B65794469727479466C61674D61708208E8C3FBC55D280200015A0013616C6C6F77735472616E7369656E74446174617872001D6F72672E71756172747A2E7574696C732E4469727479466C61674D617013E62EAD28760ACE0200025A000564697274794C00036D617074000F4C6A6176612F7574696C2F4D61703B787001737200116A6176612E7574696C2E486173684D61700507DAC1C31660D103000246000A6C6F6164466163746F724900097468726573686F6C6478703F4000000000000C770800000010000000027400064A4F425F49447372000E6A6176612E6C616E672E4C6F6E673B8BE490CC8F23DF0200014A000576616C7565787200106A6176612E6C616E672E4E756D62657286AC951D0B94E08B020000787000000000000000197400104A4F425F48414E444C45525F4E414D457400116163636573734C6F67436C65616E4A6F627800);
INSERT INTO `qrtz_job_details` VALUES ('schedulerName', 'brokerageRecordUnfreezeJob', 'DEFAULT', NULL, 'cn.iocoder.yudao.framework.quartz.core.handler.JobHandlerInvoker', '0', '1', '1', '0', 0xACED0005737200156F72672E71756172747A2E4A6F62446174614D61709FB083E8BFA9B0CB020000787200266F72672E71756172747A2E7574696C732E537472696E674B65794469727479466C61674D61708208E8C3FBC55D280200015A0013616C6C6F77735472616E7369656E74446174617872001D6F72672E71756172747A2E7574696C732E4469727479466C61674D617013E62EAD28760ACE0200025A000564697274794C00036D617074000F4C6A6176612F7574696C2F4D61703B787001737200116A6176612E7574696C2E486173684D61700507DAC1C31660D103000246000A6C6F6164466163746F724900097468726573686F6C6478703F4000000000000C770800000010000000027400064A4F425F49447372000E6A6176612E6C616E672E4C6F6E673B8BE490CC8F23DF0200014A000576616C7565787200106A6176612E6C616E672E4E756D62657286AC951D0B94E08B020000787000000000000000187400104A4F425F48414E444C45525F4E414D4574001A62726F6B65726167655265636F7264556E667265657A654A6F627800);
INSERT INTO `qrtz_job_details` VALUES ('schedulerName', 'errorLogCleanJob', 'DEFAULT', NULL, 'cn.iocoder.yudao.framework.quartz.core.handler.JobHandlerInvoker', '0', '1', '1', '0', 0xACED0005737200156F72672E71756172747A2E4A6F62446174614D61709FB083E8BFA9B0CB020000787200266F72672E71756172747A2E7574696C732E537472696E674B65794469727479466C61674D61708208E8C3FBC55D280200015A0013616C6C6F77735472616E7369656E74446174617872001D6F72672E71756172747A2E7574696C732E4469727479466C61674D617013E62EAD28760ACE0200025A000564697274794C00036D617074000F4C6A6176612F7574696C2F4D61703B787001737200116A6176612E7574696C2E486173684D61700507DAC1C31660D103000246000A6C6F6164466163746F724900097468726573686F6C6478703F4000000000000C770800000010000000027400064A4F425F49447372000E6A6176612E6C616E672E4C6F6E673B8BE490CC8F23DF0200014A000576616C7565787200106A6176612E6C616E672E4E756D62657286AC951D0B94E08B0200007870000000000000001A7400104A4F425F48414E444C45525F4E414D457400106572726F724C6F67436C65616E4A6F627800);
INSERT INTO `qrtz_job_details` VALUES ('schedulerName', 'jobLogCleanJob', 'DEFAULT', NULL, 'cn.iocoder.yudao.framework.quartz.core.handler.JobHandlerInvoker', '0', '1', '1', '0', 0xACED0005737200156F72672E71756172747A2E4A6F62446174614D61709FB083E8BFA9B0CB020000787200266F72672E71756172747A2E7574696C732E537472696E674B65794469727479466C61674D61708208E8C3FBC55D280200015A0013616C6C6F77735472616E7369656E74446174617872001D6F72672E71756172747A2E7574696C732E4469727479466C61674D617013E62EAD28760ACE0200025A000564697274794C00036D617074000F4C6A6176612F7574696C2F4D61703B787001737200116A6176612E7574696C2E486173684D61700507DAC1C31660D103000246000A6C6F6164466163746F724900097468726573686F6C6478703F4000000000000C770800000010000000027400064A4F425F49447372000E6A6176612E6C616E672E4C6F6E673B8BE490CC8F23DF0200014A000576616C7565787200106A6176612E6C616E672E4E756D62657286AC951D0B94E08B0200007870000000000000001B7400104A4F425F48414E444C45525F4E414D4574000E6A6F624C6F67436C65616E4A6F627800);
INSERT INTO `qrtz_job_details` VALUES ('schedulerName', 'payNotifyJob', 'DEFAULT', NULL, 'cn.iocoder.yudao.framework.quartz.core.handler.JobHandlerInvoker', '0', '1', '1', '0', 0xACED0005737200156F72672E71756172747A2E4A6F62446174614D61709FB083E8BFA9B0CB020000787200266F72672E71756172747A2E7574696C732E537472696E674B65794469727479466C61674D61708208E8C3FBC55D280200015A0013616C6C6F77735472616E7369656E74446174617872001D6F72672E71756172747A2E7574696C732E4469727479466C61674D617013E62EAD28760ACE0200025A000564697274794C00036D617074000F4C6A6176612F7574696C2F4D61703B787001737200116A6176612E7574696C2E486173684D61700507DAC1C31660D103000246000A6C6F6164466163746F724900097468726573686F6C6478703F4000000000000C770800000010000000027400064A4F425F49447372000E6A6176612E6C616E672E4C6F6E673B8BE490CC8F23DF0200014A000576616C7565787200106A6176612E6C616E672E4E756D62657286AC951D0B94E08B020000787000000000000000057400104A4F425F48414E444C45525F4E414D4574000C7061794E6F746966794A6F627800);
INSERT INTO `qrtz_job_details` VALUES ('schedulerName', 'payOrderExpireJob', 'DEFAULT', NULL, 'cn.iocoder.yudao.framework.quartz.core.handler.JobHandlerInvoker', '0', '1', '1', '0', 0xACED0005737200156F72672E71756172747A2E4A6F62446174614D61709FB083E8BFA9B0CB020000787200266F72672E71756172747A2E7574696C732E537472696E674B65794469727479466C61674D61708208E8C3FBC55D280200015A0013616C6C6F77735472616E7369656E74446174617872001D6F72672E71756172747A2E7574696C732E4469727479466C61674D617013E62EAD28760ACE0200025A000564697274794C00036D617074000F4C6A6176612F7574696C2F4D61703B787001737200116A6176612E7574696C2E486173684D61700507DAC1C31660D103000246000A6C6F6164466163746F724900097468726573686F6C6478703F4000000000000C770800000010000000027400064A4F425F49447372000E6A6176612E6C616E672E4C6F6E673B8BE490CC8F23DF0200014A000576616C7565787200106A6176612E6C616E672E4E756D62657286AC951D0B94E08B020000787000000000000000127400104A4F425F48414E444C45525F4E414D457400117061794F726465724578706972654A6F627800);
INSERT INTO `qrtz_job_details` VALUES ('schedulerName', 'payOrderSyncJob', 'DEFAULT', NULL, 'cn.iocoder.yudao.framework.quartz.core.handler.JobHandlerInvoker', '0', '1', '1', '0', 0xACED0005737200156F72672E71756172747A2E4A6F62446174614D61709FB083E8BFA9B0CB020000787200266F72672E71756172747A2E7574696C732E537472696E674B65794469727479466C61674D61708208E8C3FBC55D280200015A0013616C6C6F77735472616E7369656E74446174617872001D6F72672E71756172747A2E7574696C732E4469727479466C61674D617013E62EAD28760ACE0200025A000564697274794C00036D617074000F4C6A6176612F7574696C2F4D61703B787001737200116A6176612E7574696C2E486173684D61700507DAC1C31660D103000246000A6C6F6164466163746F724900097468726573686F6C6478703F4000000000000C770800000010000000027400064A4F425F49447372000E6A6176612E6C616E672E4C6F6E673B8BE490CC8F23DF0200014A000576616C7565787200106A6176612E6C616E672E4E756D62657286AC951D0B94E08B020000787000000000000000117400104A4F425F48414E444C45525F4E414D4574000F7061794F7264657253796E634A6F627800);
INSERT INTO `qrtz_job_details` VALUES ('schedulerName', 'payRefundSyncJob', 'DEFAULT', NULL, 'cn.iocoder.yudao.framework.quartz.core.handler.JobHandlerInvoker', '0', '1', '1', '0', 0xACED0005737200156F72672E71756172747A2E4A6F62446174614D61709FB083E8BFA9B0CB020000787200266F72672E71756172747A2E7574696C732E537472696E674B65794469727479466C61674D61708208E8C3FBC55D280200015A0013616C6C6F77735472616E7369656E74446174617872001D6F72672E71756172747A2E7574696C732E4469727479466C61674D617013E62EAD28760ACE0200025A000564697274794C00036D617074000F4C6A6176612F7574696C2F4D61703B787001737200116A6176612E7574696C2E486173684D61700507DAC1C31660D103000246000A6C6F6164466163746F724900097468726573686F6C6478703F4000000000000C770800000010000000027400064A4F425F49447372000E6A6176612E6C616E672E4C6F6E673B8BE490CC8F23DF0200014A000576616C7565787200106A6176612E6C616E672E4E756D62657286AC951D0B94E08B020000787000000000000000137400104A4F425F48414E444C45525F4E414D45740010706179526566756E6453796E634A6F627800);
INSERT INTO `qrtz_job_details` VALUES ('schedulerName', 'tradeOrderAutoCancelJob', 'DEFAULT', NULL, 'cn.iocoder.yudao.framework.quartz.core.handler.JobHandlerInvoker', '0', '1', '1', '0', 0xACED0005737200156F72672E71756172747A2E4A6F62446174614D61709FB083E8BFA9B0CB020000787200266F72672E71756172747A2E7574696C732E537472696E674B65794469727479466C61674D61708208E8C3FBC55D280200015A0013616C6C6F77735472616E7369656E74446174617872001D6F72672E71756172747A2E7574696C732E4469727479466C61674D617013E62EAD28760ACE0200025A000564697274794C00036D617074000F4C6A6176612F7574696C2F4D61703B787001737200116A6176612E7574696C2E486173684D61700507DAC1C31660D103000246000A6C6F6164466163746F724900097468726573686F6C6478703F4000000000000C770800000010000000027400064A4F425F49447372000E6A6176612E6C616E672E4C6F6E673B8BE490CC8F23DF0200014A000576616C7565787200106A6176612E6C616E672E4E756D62657286AC951D0B94E08B020000787000000000000000157400104A4F425F48414E444C45525F4E414D4574001774726164654F726465724175746F43616E63656C4A6F627800);
INSERT INTO `qrtz_job_details` VALUES ('schedulerName', 'tradeOrderAutoCommentJob', 'DEFAULT', NULL, 'cn.iocoder.yudao.framework.quartz.core.handler.JobHandlerInvoker', '0', '1', '1', '0', 0xACED0005737200156F72672E71756172747A2E4A6F62446174614D61709FB083E8BFA9B0CB020000787200266F72672E71756172747A2E7574696C732E537472696E674B65794469727479466C61674D61708208E8C3FBC55D280200015A0013616C6C6F77735472616E7369656E74446174617872001D6F72672E71756172747A2E7574696C732E4469727479466C61674D617013E62EAD28760ACE0200025A000564697274794C00036D617074000F4C6A6176612F7574696C2F4D61703B787001737200116A6176612E7574696C2E486173684D61700507DAC1C31660D103000246000A6C6F6164466163746F724900097468726573686F6C6478703F4000000000000C770800000010000000027400064A4F425F49447372000E6A6176612E6C616E672E4C6F6E673B8BE490CC8F23DF0200014A000576616C7565787200106A6176612E6C616E672E4E756D62657286AC951D0B94E08B020000787000000000000000177400104A4F425F48414E444C45525F4E414D4574001874726164654F726465724175746F436F6D6D656E744A6F627800);
INSERT INTO `qrtz_job_details` VALUES ('schedulerName', 'tradeOrderAutoReceiveJob', 'DEFAULT', NULL, 'cn.iocoder.yudao.framework.quartz.core.handler.JobHandlerInvoker', '0', '1', '1', '0', 0xACED0005737200156F72672E71756172747A2E4A6F62446174614D61709FB083E8BFA9B0CB020000787200266F72672E71756172747A2E7574696C732E537472696E674B65794469727479466C61674D61708208E8C3FBC55D280200015A0013616C6C6F77735472616E7369656E74446174617872001D6F72672E71756172747A2E7574696C732E4469727479466C61674D617013E62EAD28760ACE0200025A000564697274794C00036D617074000F4C6A6176612F7574696C2F4D61703B787001737200116A6176612E7574696C2E486173684D61700507DAC1C31660D103000246000A6C6F6164466163746F724900097468726573686F6C6478703F4000000000000C770800000010000000027400064A4F425F49447372000E6A6176612E6C616E672E4C6F6E673B8BE490CC8F23DF0200014A000576616C7565787200106A6176612E6C616E672E4E756D62657286AC951D0B94E08B020000787000000000000000167400104A4F425F48414E444C45525F4E414D4574001874726164654F726465724175746F526563656976654A6F627800);

-- ----------------------------
-- Table structure for qrtz_locks
-- ----------------------------
DROP TABLE IF EXISTS `qrtz_locks`;
CREATE TABLE `qrtz_locks`  (
  `SCHED_NAME` varchar(120) CHARACTER SET utf8mb4 COLLATE utf8mb4_unicode_ci NOT NULL,
  `LOCK_NAME` varchar(40) CHARACTER SET utf8mb4 COLLATE utf8mb4_unicode_ci NOT NULL,
  PRIMARY KEY (`SCHED_NAME`, `LOCK_NAME`) USING BTREE
) ENGINE = InnoDB CHARACTER SET = utf8mb4 COLLATE = utf8mb4_unicode_ci ROW_FORMAT = Dynamic;

-- ----------------------------
-- Records of qrtz_locks
-- ----------------------------
INSERT INTO `qrtz_locks` VALUES ('schedulerName', 'STATE_ACCESS');
INSERT INTO `qrtz_locks` VALUES ('schedulerName', 'TRIGGER_ACCESS');

-- ----------------------------
-- Table structure for qrtz_paused_trigger_grps
-- ----------------------------
DROP TABLE IF EXISTS `qrtz_paused_trigger_grps`;
CREATE TABLE `qrtz_paused_trigger_grps`  (
  `SCHED_NAME` varchar(120) CHARACTER SET utf8mb4 COLLATE utf8mb4_unicode_ci NOT NULL,
  `TRIGGER_GROUP` varchar(190) CHARACTER SET utf8mb4 COLLATE utf8mb4_unicode_ci NOT NULL,
  PRIMARY KEY (`SCHED_NAME`, `TRIGGER_GROUP`) USING BTREE
) ENGINE = InnoDB CHARACTER SET = utf8mb4 COLLATE = utf8mb4_unicode_ci ROW_FORMAT = Dynamic;

-- ----------------------------
-- Records of qrtz_paused_trigger_grps
-- ----------------------------

-- ----------------------------
-- Table structure for qrtz_scheduler_state
-- ----------------------------
DROP TABLE IF EXISTS `qrtz_scheduler_state`;
CREATE TABLE `qrtz_scheduler_state`  (
  `SCHED_NAME` varchar(120) CHARACTER SET utf8mb4 COLLATE utf8mb4_unicode_ci NOT NULL,
  `INSTANCE_NAME` varchar(190) CHARACTER SET utf8mb4 COLLATE utf8mb4_unicode_ci NOT NULL,
  `LAST_CHECKIN_TIME` bigint(0) NOT NULL,
  `CHECKIN_INTERVAL` bigint(0) NOT NULL,
  PRIMARY KEY (`SCHED_NAME`, `INSTANCE_NAME`) USING BTREE
) ENGINE = InnoDB CHARACTER SET = utf8mb4 COLLATE = utf8mb4_unicode_ci ROW_FORMAT = Dynamic;

-- ----------------------------
-- Records of qrtz_scheduler_state
-- ----------------------------
INSERT INTO `qrtz_scheduler_state` VALUES ('schedulerName', 'MacBook-Pro.local1713489703551', 1713742509534, 15000);

-- ----------------------------
-- Table structure for qrtz_simple_triggers
-- ----------------------------
DROP TABLE IF EXISTS `qrtz_simple_triggers`;
CREATE TABLE `qrtz_simple_triggers`  (
  `SCHED_NAME` varchar(120) CHARACTER SET utf8mb4 COLLATE utf8mb4_unicode_ci NOT NULL,
  `TRIGGER_NAME` varchar(190) CHARACTER SET utf8mb4 COLLATE utf8mb4_unicode_ci NOT NULL,
  `TRIGGER_GROUP` varchar(190) CHARACTER SET utf8mb4 COLLATE utf8mb4_unicode_ci NOT NULL,
  `REPEAT_COUNT` bigint(0) NOT NULL,
  `REPEAT_INTERVAL` bigint(0) NOT NULL,
  `TIMES_TRIGGERED` bigint(0) NOT NULL,
  PRIMARY KEY (`SCHED_NAME`, `TRIGGER_NAME`, `TRIGGER_GROUP`) USING BTREE,
  CONSTRAINT `qrtz_simple_triggers_ibfk_1` FOREIGN KEY (`SCHED_NAME`, `TRIGGER_NAME`, `TRIGGER_GROUP`) REFERENCES `qrtz_triggers` (`SCHED_NAME`, `TRIGGER_NAME`, `TRIGGER_GROUP`) ON DELETE RESTRICT ON UPDATE RESTRICT
) ENGINE = InnoDB CHARACTER SET = utf8mb4 COLLATE = utf8mb4_unicode_ci ROW_FORMAT = Dynamic;

-- ----------------------------
-- Records of qrtz_simple_triggers
-- ----------------------------

-- ----------------------------
-- Table structure for qrtz_simprop_triggers
-- ----------------------------
DROP TABLE IF EXISTS `qrtz_simprop_triggers`;
CREATE TABLE `qrtz_simprop_triggers`  (
  `SCHED_NAME` varchar(120) CHARACTER SET utf8mb4 COLLATE utf8mb4_unicode_ci NOT NULL,
  `TRIGGER_NAME` varchar(190) CHARACTER SET utf8mb4 COLLATE utf8mb4_unicode_ci NOT NULL,
  `TRIGGER_GROUP` varchar(190) CHARACTER SET utf8mb4 COLLATE utf8mb4_unicode_ci NOT NULL,
  `STR_PROP_1` varchar(512) CHARACTER SET utf8mb4 COLLATE utf8mb4_unicode_ci NULL DEFAULT NULL,
  `STR_PROP_2` varchar(512) CHARACTER SET utf8mb4 COLLATE utf8mb4_unicode_ci NULL DEFAULT NULL,
  `STR_PROP_3` varchar(512) CHARACTER SET utf8mb4 COLLATE utf8mb4_unicode_ci NULL DEFAULT NULL,
  `INT_PROP_1` int(0) NULL DEFAULT NULL,
  `INT_PROP_2` int(0) NULL DEFAULT NULL,
  `LONG_PROP_1` bigint(0) NULL DEFAULT NULL,
  `LONG_PROP_2` bigint(0) NULL DEFAULT NULL,
  `DEC_PROP_1` decimal(13, 4) NULL DEFAULT NULL,
  `DEC_PROP_2` decimal(13, 4) NULL DEFAULT NULL,
  `BOOL_PROP_1` varchar(1) CHARACTER SET utf8mb4 COLLATE utf8mb4_unicode_ci NULL DEFAULT NULL,
  `BOOL_PROP_2` varchar(1) CHARACTER SET utf8mb4 COLLATE utf8mb4_unicode_ci NULL DEFAULT NULL,
  PRIMARY KEY (`SCHED_NAME`, `TRIGGER_NAME`, `TRIGGER_GROUP`) USING BTREE,
  CONSTRAINT `qrtz_simprop_triggers_ibfk_1` FOREIGN KEY (`SCHED_NAME`, `TRIGGER_NAME`, `TRIGGER_GROUP`) REFERENCES `qrtz_triggers` (`SCHED_NAME`, `TRIGGER_NAME`, `TRIGGER_GROUP`) ON DELETE RESTRICT ON UPDATE RESTRICT
) ENGINE = InnoDB CHARACTER SET = utf8mb4 COLLATE = utf8mb4_unicode_ci ROW_FORMAT = Dynamic;

-- ----------------------------
-- Records of qrtz_simprop_triggers
-- ----------------------------

-- ----------------------------
-- Table structure for qrtz_triggers
-- ----------------------------
DROP TABLE IF EXISTS `qrtz_triggers`;
CREATE TABLE `qrtz_triggers`  (
  `SCHED_NAME` varchar(120) CHARACTER SET utf8mb4 COLLATE utf8mb4_unicode_ci NOT NULL,
  `TRIGGER_NAME` varchar(190) CHARACTER SET utf8mb4 COLLATE utf8mb4_unicode_ci NOT NULL,
  `TRIGGER_GROUP` varchar(190) CHARACTER SET utf8mb4 COLLATE utf8mb4_unicode_ci NOT NULL,
  `JOB_NAME` varchar(190) CHARACTER SET utf8mb4 COLLATE utf8mb4_unicode_ci NOT NULL,
  `JOB_GROUP` varchar(190) CHARACTER SET utf8mb4 COLLATE utf8mb4_unicode_ci NOT NULL,
  `DESCRIPTION` varchar(250) CHARACTER SET utf8mb4 COLLATE utf8mb4_unicode_ci NULL DEFAULT NULL,
  `NEXT_FIRE_TIME` bigint(0) NULL DEFAULT NULL,
  `PREV_FIRE_TIME` bigint(0) NULL DEFAULT NULL,
  `PRIORITY` int(0) NULL DEFAULT NULL,
  `TRIGGER_STATE` varchar(16) CHARACTER SET utf8mb4 COLLATE utf8mb4_unicode_ci NOT NULL,
  `TRIGGER_TYPE` varchar(8) CHARACTER SET utf8mb4 COLLATE utf8mb4_unicode_ci NOT NULL,
  `START_TIME` bigint(0) NOT NULL,
  `END_TIME` bigint(0) NULL DEFAULT NULL,
  `CALENDAR_NAME` varchar(190) CHARACTER SET utf8mb4 COLLATE utf8mb4_unicode_ci NULL DEFAULT NULL,
  `MISFIRE_INSTR` smallint(0) NULL DEFAULT NULL,
  `JOB_DATA` blob NULL,
  PRIMARY KEY (`SCHED_NAME`, `TRIGGER_NAME`, `TRIGGER_GROUP`) USING BTREE,
  INDEX `IDX_QRTZ_T_J`(`SCHED_NAME`, `JOB_NAME`, `JOB_GROUP`) USING BTREE,
  INDEX `IDX_QRTZ_T_JG`(`SCHED_NAME`, `JOB_GROUP`) USING BTREE,
  INDEX `IDX_QRTZ_T_C`(`SCHED_NAME`, `CALENDAR_NAME`) USING BTREE,
  INDEX `IDX_QRTZ_T_G`(`SCHED_NAME`, `TRIGGER_GROUP`) USING BTREE,
  INDEX `IDX_QRTZ_T_STATE`(`SCHED_NAME`, `TRIGGER_STATE`) USING BTREE,
  INDEX `IDX_QRTZ_T_N_STATE`(`SCHED_NAME`, `TRIGGER_NAME`, `TRIGGER_GROUP`, `TRIGGER_STATE`) USING BTREE,
  INDEX `IDX_QRTZ_T_N_G_STATE`(`SCHED_NAME`, `TRIGGER_GROUP`, `TRIGGER_STATE`) USING BTREE,
  INDEX `IDX_QRTZ_T_NEXT_FIRE_TIME`(`SCHED_NAME`, `NEXT_FIRE_TIME`) USING BTREE,
  INDEX `IDX_QRTZ_T_NFT_ST`(`SCHED_NAME`, `TRIGGER_STATE`, `NEXT_FIRE_TIME`) USING BTREE,
  INDEX `IDX_QRTZ_T_NFT_MISFIRE`(`SCHED_NAME`, `MISFIRE_INSTR`, `NEXT_FIRE_TIME`) USING BTREE,
  INDEX `IDX_QRTZ_T_NFT_ST_MISFIRE`(`SCHED_NAME`, `MISFIRE_INSTR`, `NEXT_FIRE_TIME`, `TRIGGER_STATE`) USING BTREE,
  INDEX `IDX_QRTZ_T_NFT_ST_MISFIRE_GRP`(`SCHED_NAME`, `MISFIRE_INSTR`, `NEXT_FIRE_TIME`, `TRIGGER_GROUP`, `TRIGGER_STATE`) USING BTREE,
  CONSTRAINT `qrtz_triggers_ibfk_1` FOREIGN KEY (`SCHED_NAME`, `JOB_NAME`, `JOB_GROUP`) REFERENCES `qrtz_job_details` (`SCHED_NAME`, `JOB_NAME`, `JOB_GROUP`) ON DELETE RESTRICT ON UPDATE RESTRICT
) ENGINE = InnoDB CHARACTER SET = utf8mb4 COLLATE = utf8mb4_unicode_ci ROW_FORMAT = Dynamic;

-- ----------------------------
-- Records of qrtz_triggers
-- ----------------------------
INSERT INTO `qrtz_triggers` VALUES ('schedulerName', 'accessLogCleanJob', 'DEFAULT', 'accessLogCleanJob', 'DEFAULT', NULL, 1696348800000, -1, 5, 'PAUSED', 'CRON', 1696301981000, 0, NULL, 0, 0xACED0005737200156F72672E71756172747A2E4A6F62446174614D61709FB083E8BFA9B0CB020000787200266F72672E71756172747A2E7574696C732E537472696E674B65794469727479466C61674D61708208E8C3FBC55D280200015A0013616C6C6F77735472616E7369656E74446174617872001D6F72672E71756172747A2E7574696C732E4469727479466C61674D617013E62EAD28760ACE0200025A000564697274794C00036D617074000F4C6A6176612F7574696C2F4D61703B787001737200116A6176612E7574696C2E486173684D61700507DAC1C31660D103000246000A6C6F6164466163746F724900097468726573686F6C6478703F4000000000000C770800000010000000037400114A4F425F48414E444C45525F504152414D7400007400124A4F425F52455452595F494E54455256414C737200116A6176612E6C616E672E496E746567657212E2A0A4F781873802000149000576616C7565787200106A6176612E6C616E672E4E756D62657286AC951D0B94E08B02000078700000000074000F4A4F425F52455452595F434F554E547371007E000A000000037800);
INSERT INTO `qrtz_triggers` VALUES ('schedulerName', 'brokerageRecordUnfreezeJob', 'DEFAULT', 'brokerageRecordUnfreezeJob', 'DEFAULT', NULL, 1695909720000, -1, 5, 'PAUSED', 'CRON', 1695909706000, 0, NULL, 0, 0xACED0005737200156F72672E71756172747A2E4A6F62446174614D61709FB083E8BFA9B0CB020000787200266F72672E71756172747A2E7574696C732E537472696E674B65794469727479466C61674D61708208E8C3FBC55D280200015A0013616C6C6F77735472616E7369656E74446174617872001D6F72672E71756172747A2E7574696C732E4469727479466C61674D617013E62EAD28760ACE0200025A000564697274794C00036D617074000F4C6A6176612F7574696C2F4D61703B787001737200116A6176612E7574696C2E486173684D61700507DAC1C31660D103000246000A6C6F6164466163746F724900097468726573686F6C6478703F4000000000000C770800000010000000037400114A4F425F48414E444C45525F504152414D7400007400124A4F425F52455452595F494E54455256414C737200116A6176612E6C616E672E496E746567657212E2A0A4F781873802000149000576616C7565787200106A6176612E6C616E672E4E756D62657286AC951D0B94E08B02000078700000000074000F4A4F425F52455452595F434F554E547371007E000A000000037800);
INSERT INTO `qrtz_triggers` VALUES ('schedulerName', 'errorLogCleanJob', 'DEFAULT', 'errorLogCleanJob', 'DEFAULT', NULL, 1696348800000, -1, 5, 'PAUSED', 'CRON', 1696302043000, 0, NULL, 0, 0xACED0005737200156F72672E71756172747A2E4A6F62446174614D61709FB083E8BFA9B0CB020000787200266F72672E71756172747A2E7574696C732E537472696E674B65794469727479466C61674D61708208E8C3FBC55D280200015A0013616C6C6F77735472616E7369656E74446174617872001D6F72672E71756172747A2E7574696C732E4469727479466C61674D617013E62EAD28760ACE0200025A000564697274794C00036D617074000F4C6A6176612F7574696C2F4D61703B787001737200116A6176612E7574696C2E486173684D61700507DAC1C31660D103000246000A6C6F6164466163746F724900097468726573686F6C6478703F4000000000000C770800000010000000037400114A4F425F48414E444C45525F504152414D7400007400124A4F425F52455452595F494E54455256414C737200116A6176612E6C616E672E496E746567657212E2A0A4F781873802000149000576616C7565787200106A6176612E6C616E672E4E756D62657286AC951D0B94E08B02000078700000000074000F4A4F425F52455452595F434F554E547371007E000A000000037800);
INSERT INTO `qrtz_triggers` VALUES ('schedulerName', 'jobLogCleanJob', 'DEFAULT', 'jobLogCleanJob', 'DEFAULT', NULL, 1696348800000, -1, 5, 'PAUSED', 'CRON', 1696302092000, 0, NULL, 0, 0xACED0005737200156F72672E71756172747A2E4A6F62446174614D61709FB083E8BFA9B0CB020000787200266F72672E71756172747A2E7574696C732E537472696E674B65794469727479466C61674D61708208E8C3FBC55D280200015A0013616C6C6F77735472616E7369656E74446174617872001D6F72672E71756172747A2E7574696C732E4469727479466C61674D617013E62EAD28760ACE0200025A000564697274794C00036D617074000F4C6A6176612F7574696C2F4D61703B787001737200116A6176612E7574696C2E486173684D61700507DAC1C31660D103000246000A6C6F6164466163746F724900097468726573686F6C6478703F4000000000000C770800000010000000037400114A4F425F48414E444C45525F504152414D7400007400124A4F425F52455452595F494E54455256414C737200116A6176612E6C616E672E496E746567657212E2A0A4F781873802000149000576616C7565787200106A6176612E6C616E672E4E756D62657286AC951D0B94E08B02000078700000000074000F4A4F425F52455452595F434F554E547371007E000A000000037800);
INSERT INTO `qrtz_triggers` VALUES ('schedulerName', 'payNotifyJob', 'DEFAULT', 'payNotifyJob', 'DEFAULT', NULL, 1688907102000, 1688907101000, 5, 'PAUSED', 'CRON', 1635294882000, 0, NULL, 0, 0xACED0005737200156F72672E71756172747A2E4A6F62446174614D61709FB083E8BFA9B0CB020000787200266F72672E71756172747A2E7574696C732E537472696E674B65794469727479466C61674D61708208E8C3FBC55D280200015A0013616C6C6F77735472616E7369656E74446174617872001D6F72672E71756172747A2E7574696C732E4469727479466C61674D617013E62EAD28760ACE0200025A000564697274794C00036D617074000F4C6A6176612F7574696C2F4D61703B787001737200116A6176612E7574696C2E486173684D61700507DAC1C31660D103000246000A6C6F6164466163746F724900097468726573686F6C6478703F4000000000000C770800000010000000037400114A4F425F48414E444C45525F504152414D707400124A4F425F52455452595F494E54455256414C737200116A6176612E6C616E672E496E746567657212E2A0A4F781873802000149000576616C7565787200106A6176612E6C616E672E4E756D62657286AC951D0B94E08B02000078700000000074000F4A4F425F52455452595F434F554E5471007E000B7800);
INSERT INTO `qrtz_triggers` VALUES ('schedulerName', 'payOrderExpireJob', 'DEFAULT', 'payOrderExpireJob', 'DEFAULT', NULL, 1690011600000, -1, 5, 'PAUSED', 'CRON', 1690011553000, 0, NULL, 0, 0xACED0005737200156F72672E71756172747A2E4A6F62446174614D61709FB083E8BFA9B0CB020000787200266F72672E71756172747A2E7574696C732E537472696E674B65794469727479466C61674D61708208E8C3FBC55D280200015A0013616C6C6F77735472616E7369656E74446174617872001D6F72672E71756172747A2E7574696C732E4469727479466C61674D617013E62EAD28760ACE0200025A000564697274794C00036D617074000F4C6A6176612F7574696C2F4D61703B787001737200116A6176612E7574696C2E486173684D61700507DAC1C31660D103000246000A6C6F6164466163746F724900097468726573686F6C6478703F4000000000000C770800000010000000037400114A4F425F48414E444C45525F504152414D707400124A4F425F52455452595F494E54455256414C737200116A6176612E6C616E672E496E746567657212E2A0A4F781873802000149000576616C7565787200106A6176612E6C616E672E4E756D62657286AC951D0B94E08B02000078700000000074000F4A4F425F52455452595F434F554E5471007E000B7800);
INSERT INTO `qrtz_triggers` VALUES ('schedulerName', 'payOrderSyncJob', 'DEFAULT', 'payOrderSyncJob', 'DEFAULT', NULL, 1690011600000, 1690011540000, 5, 'PAUSED', 'CRON', 1690007785000, 0, NULL, 0, 0xACED0005737200156F72672E71756172747A2E4A6F62446174614D61709FB083E8BFA9B0CB020000787200266F72672E71756172747A2E7574696C732E537472696E674B65794469727479466C61674D61708208E8C3FBC55D280200015A0013616C6C6F77735472616E7369656E74446174617872001D6F72672E71756172747A2E7574696C732E4469727479466C61674D617013E62EAD28760ACE0200025A000564697274794C00036D617074000F4C6A6176612F7574696C2F4D61703B787001737200116A6176612E7574696C2E486173684D61700507DAC1C31660D103000246000A6C6F6164466163746F724900097468726573686F6C6478703F4000000000000C770800000010000000037400114A4F425F48414E444C45525F504152414D707400124A4F425F52455452595F494E54455256414C737200116A6176612E6C616E672E496E746567657212E2A0A4F781873802000149000576616C7565787200106A6176612E6C616E672E4E756D62657286AC951D0B94E08B02000078700000000074000F4A4F425F52455452595F434F554E5471007E000B7800);
INSERT INTO `qrtz_triggers` VALUES ('schedulerName', 'payRefundSyncJob', 'DEFAULT', 'payRefundSyncJob', 'DEFAULT', NULL, 1690117560000, 1690117500000, 5, 'PAUSED', 'CRON', 1690117424000, 0, NULL, 0, 0xACED0005737200156F72672E71756172747A2E4A6F62446174614D61709FB083E8BFA9B0CB020000787200266F72672E71756172747A2E7574696C732E537472696E674B65794469727479466C61674D61708208E8C3FBC55D280200015A0013616C6C6F77735472616E7369656E74446174617872001D6F72672E71756172747A2E7574696C732E4469727479466C61674D617013E62EAD28760ACE0200025A000564697274794C00036D617074000F4C6A6176612F7574696C2F4D61703B787001737200116A6176612E7574696C2E486173684D61700507DAC1C31660D103000246000A6C6F6164466163746F724900097468726573686F6C6478703F4000000000000C770800000010000000037400114A4F425F48414E444C45525F504152414D707400124A4F425F52455452595F494E54455256414C737200116A6176612E6C616E672E496E746567657212E2A0A4F781873802000149000576616C7565787200106A6176612E6C616E672E4E756D62657286AC951D0B94E08B02000078700000000074000F4A4F425F52455452595F434F554E5471007E000B7800);
INSERT INTO `qrtz_triggers` VALUES ('schedulerName', 'tradeOrderAutoCancelJob', 'DEFAULT', 'tradeOrderAutoCancelJob', 'DEFAULT', NULL, 1695727440000, 1695727380000, 5, 'PAUSED', 'CRON', 1695656605000, 0, NULL, 0, 0xACED0005737200156F72672E71756172747A2E4A6F62446174614D61709FB083E8BFA9B0CB020000787200266F72672E71756172747A2E7574696C732E537472696E674B65794469727479466C61674D61708208E8C3FBC55D280200015A0013616C6C6F77735472616E7369656E74446174617872001D6F72672E71756172747A2E7574696C732E4469727479466C61674D617013E62EAD28760ACE0200025A000564697274794C00036D617074000F4C6A6176612F7574696C2F4D61703B787001737200116A6176612E7574696C2E486173684D61700507DAC1C31660D103000246000A6C6F6164466163746F724900097468726573686F6C6478703F4000000000000C770800000010000000037400114A4F425F48414E444C45525F504152414D7400007400124A4F425F52455452595F494E54455256414C737200116A6176612E6C616E672E496E746567657212E2A0A4F781873802000149000576616C7565787200106A6176612E6C616E672E4E756D62657286AC951D0B94E08B02000078700000000074000F4A4F425F52455452595F434F554E547371007E000A000000037800);
INSERT INTO `qrtz_triggers` VALUES ('schedulerName', 'tradeOrderAutoCommentJob', 'DEFAULT', 'tradeOrderAutoCommentJob', 'DEFAULT', NULL, 1695783840000, 1695783780000, 5, 'PAUSED', 'CRON', 1695742709000, 0, NULL, 0, 0xACED0005737200156F72672E71756172747A2E4A6F62446174614D61709FB083E8BFA9B0CB020000787200266F72672E71756172747A2E7574696C732E537472696E674B65794469727479466C61674D61708208E8C3FBC55D280200015A0013616C6C6F77735472616E7369656E74446174617872001D6F72672E71756172747A2E7574696C732E4469727479466C61674D617013E62EAD28760ACE0200025A000564697274794C00036D617074000F4C6A6176612F7574696C2F4D61703B787001737200116A6176612E7574696C2E486173684D61700507DAC1C31660D103000246000A6C6F6164466163746F724900097468726573686F6C6478703F4000000000000C770800000010000000037400114A4F425F48414E444C45525F504152414D7400007400124A4F425F52455452595F494E54455256414C737200116A6176612E6C616E672E496E746567657212E2A0A4F781873802000149000576616C7565787200106A6176612E6C616E672E4E756D62657286AC951D0B94E08B02000078700000000074000F4A4F425F52455452595F434F554E547371007E000A000000037800);
INSERT INTO `qrtz_triggers` VALUES ('schedulerName', 'tradeOrderAutoReceiveJob', 'DEFAULT', 'tradeOrderAutoReceiveJob', 'DEFAULT', NULL, 1695742740000, 1695742680000, 5, 'PAUSED', 'CRON', 1695727433000, 0, NULL, 0, 0xACED0005737200156F72672E71756172747A2E4A6F62446174614D61709FB083E8BFA9B0CB020000787200266F72672E71756172747A2E7574696C732E537472696E674B65794469727479466C61674D61708208E8C3FBC55D280200015A0013616C6C6F77735472616E7369656E74446174617872001D6F72672E71756172747A2E7574696C732E4469727479466C61674D617013E62EAD28760ACE0200025A000564697274794C00036D617074000F4C6A6176612F7574696C2F4D61703B787001737200116A6176612E7574696C2E486173684D61700507DAC1C31660D103000246000A6C6F6164466163746F724900097468726573686F6C6478703F4000000000000C770800000010000000037400114A4F425F48414E444C45525F504152414D7400007400124A4F425F52455452595F494E54455256414C737200116A6176612E6C616E672E496E746567657212E2A0A4F781873802000149000576616C7565787200106A6176612E6C616E672E4E756D62657286AC951D0B94E08B02000078700000000074000F4A4F425F52455452595F434F554E547371007E000A000000037800);

-- ----------------------------
-- Table structure for system_dept
-- ----------------------------
DROP TABLE IF EXISTS `system_dept`;
CREATE TABLE `system_dept`  (
  `id` bigint(0) NOT NULL AUTO_INCREMENT COMMENT '部门id',
  `name` varchar(30) CHARACTER SET utf8mb4 COLLATE utf8mb4_unicode_ci NOT NULL DEFAULT '' COMMENT '部门名称',
  `parent_id` bigint(0) NOT NULL DEFAULT 0 COMMENT '父部门id',
  `sort` int(0) NOT NULL DEFAULT 0 COMMENT '显示顺序',
  `leader_user_id` bigint(0) NULL DEFAULT NULL COMMENT '负责人',
  `phone` varchar(11) CHARACTER SET utf8mb4 COLLATE utf8mb4_unicode_ci NULL DEFAULT NULL COMMENT '联系电话',
  `email` varchar(50) CHARACTER SET utf8mb4 COLLATE utf8mb4_unicode_ci NULL DEFAULT NULL COMMENT '邮箱',
  `status` tinyint(0) NOT NULL COMMENT '部门状态（0正常 1停用）',
  `creator` varchar(64) CHARACTER SET utf8mb4 COLLATE utf8mb4_unicode_ci NULL DEFAULT '' COMMENT '创建者',
  `create_time` datetime(0) NOT NULL DEFAULT CURRENT_TIMESTAMP(0) COMMENT '创建时间',
  `updater` varchar(64) CHARACTER SET utf8mb4 COLLATE utf8mb4_unicode_ci NULL DEFAULT '' COMMENT '更新者',
  `update_time` datetime(0) NOT NULL DEFAULT CURRENT_TIMESTAMP(0) ON UPDATE CURRENT_TIMESTAMP(0) COMMENT '更新时间',
  `deleted` bit(1) NOT NULL DEFAULT b'0' COMMENT '是否删除',
  `tenant_id` bigint(0) NOT NULL DEFAULT 0 COMMENT '租户编号',
  PRIMARY KEY (`id`) USING BTREE
) ENGINE = InnoDB AUTO_INCREMENT = 114 CHARACTER SET = utf8mb4 COLLATE = utf8mb4_unicode_ci COMMENT = '部门表' ROW_FORMAT = Dynamic;

-- ----------------------------
-- Records of system_dept
-- ----------------------------
INSERT INTO `system_dept` VALUES (100, '芋道源码', 0, 0, 1, '15888888888', 'ry@qq.com', 0, 'admin', '2021-01-05 17:03:47', '1', '2023-11-14 23:30:36', b'0', 1);
INSERT INTO `system_dept` VALUES (101, '深圳总公司', 100, 1, 104, '15888888888', 'ry@qq.com', 0, 'admin', '2021-01-05 17:03:47', '1', '2023-12-02 09:53:35', b'0', 1);
INSERT INTO `system_dept` VALUES (102, '长沙分公司', 100, 2, NULL, '15888888888', 'ry@qq.com', 0, 'admin', '2021-01-05 17:03:47', '', '2021-12-15 05:01:40', b'0', 1);
INSERT INTO `system_dept` VALUES (103, '研发部门', 101, 1, 104, '15888888888', 'ry@qq.com', 0, 'admin', '2021-01-05 17:03:47', '1', '2024-03-24 20:56:04', b'0', 1);
INSERT INTO `system_dept` VALUES (104, '市场部门', 101, 2, NULL, '15888888888', 'ry@qq.com', 0, 'admin', '2021-01-05 17:03:47', '', '2021-12-15 05:01:38', b'0', 1);
INSERT INTO `system_dept` VALUES (105, '测试部门', 101, 3, NULL, '15888888888', 'ry@qq.com', 0, 'admin', '2021-01-05 17:03:47', '1', '2022-05-16 20:25:15', b'0', 1);
INSERT INTO `system_dept` VALUES (106, '财务部门', 101, 4, 103, '15888888888', 'ry@qq.com', 0, 'admin', '2021-01-05 17:03:47', '103', '2022-01-15 21:32:22', b'0', 1);
INSERT INTO `system_dept` VALUES (107, '运维部门', 101, 5, 1, '15888888888', 'ry@qq.com', 0, 'admin', '2021-01-05 17:03:47', '1', '2023-12-02 09:28:22', b'0', 1);
INSERT INTO `system_dept` VALUES (108, '市场部门', 102, 1, NULL, '15888888888', 'ry@qq.com', 0, 'admin', '2021-01-05 17:03:47', '1', '2022-02-16 08:35:45', b'0', 1);
INSERT INTO `system_dept` VALUES (109, '财务部门', 102, 2, NULL, '15888888888', 'ry@qq.com', 0, 'admin', '2021-01-05 17:03:47', '', '2021-12-15 05:01:29', b'0', 1);
INSERT INTO `system_dept` VALUES (110, '新部门', 0, 1, NULL, NULL, NULL, 0, '110', '2022-02-23 20:46:30', '110', '2022-02-23 20:46:30', b'0', 121);
INSERT INTO `system_dept` VALUES (111, '顶级部门', 0, 1, NULL, NULL, NULL, 0, '113', '2022-03-07 21:44:50', '113', '2022-03-07 21:44:50', b'0', 122);
INSERT INTO `system_dept` VALUES (112, '产品部门', 101, 100, 1, NULL, NULL, 1, '1', '2023-12-02 09:45:13', '1', '2023-12-02 09:45:31', b'0', 1);
INSERT INTO `system_dept` VALUES (113, '支持部门', 102, 3, 104, NULL, NULL, 1, '1', '2023-12-02 09:47:38', '1', '2023-12-02 09:47:38', b'0', 1);

-- ----------------------------
-- Table structure for system_dict_data
-- ----------------------------
DROP TABLE IF EXISTS `system_dict_data`;
CREATE TABLE `system_dict_data`  (
  `id` bigint(0) NOT NULL AUTO_INCREMENT COMMENT '字典编码',
  `sort` int(0) NOT NULL DEFAULT 0 COMMENT '字典排序',
  `label` varchar(100) CHARACTER SET utf8mb4 COLLATE utf8mb4_unicode_ci NOT NULL DEFAULT '' COMMENT '字典标签',
  `value` varchar(100) CHARACTER SET utf8mb4 COLLATE utf8mb4_unicode_ci NOT NULL DEFAULT '' COMMENT '字典键值',
  `dict_type` varchar(100) CHARACTER SET utf8mb4 COLLATE utf8mb4_unicode_ci NOT NULL DEFAULT '' COMMENT '字典类型',
  `status` tinyint(0) NOT NULL DEFAULT 0 COMMENT '状态（0正常 1停用）',
  `color_type` varchar(100) CHARACTER SET utf8mb4 COLLATE utf8mb4_unicode_ci NULL DEFAULT '' COMMENT '颜色类型',
  `css_class` varchar(100) CHARACTER SET utf8mb4 COLLATE utf8mb4_unicode_ci NULL DEFAULT '' COMMENT 'css 样式',
  `remark` varchar(500) CHARACTER SET utf8mb4 COLLATE utf8mb4_unicode_ci NULL DEFAULT NULL COMMENT '备注',
  `creator` varchar(64) CHARACTER SET utf8mb4 COLLATE utf8mb4_unicode_ci NULL DEFAULT '' COMMENT '创建者',
  `create_time` datetime(0) NOT NULL DEFAULT CURRENT_TIMESTAMP(0) COMMENT '创建时间',
  `updater` varchar(64) CHARACTER SET utf8mb4 COLLATE utf8mb4_unicode_ci NULL DEFAULT '' COMMENT '更新者',
  `update_time` datetime(0) NOT NULL DEFAULT CURRENT_TIMESTAMP(0) ON UPDATE CURRENT_TIMESTAMP(0) COMMENT '更新时间',
  `deleted` bit(1) NOT NULL DEFAULT b'0' COMMENT '是否删除',
  PRIMARY KEY (`id`) USING BTREE
) ENGINE = InnoDB AUTO_INCREMENT = 1537 CHARACTER SET = utf8mb4 COLLATE = utf8mb4_unicode_ci COMMENT = '字典数据表' ROW_FORMAT = Dynamic;

-- ----------------------------
-- Records of system_dict_data
-- ----------------------------
INSERT INTO `system_dict_data` VALUES (1, 1, '男', '1', 'system_user_sex', 0, 'default', 'A', '性别男', 'admin', '2021-01-05 17:03:48', '1', '2022-03-29 00:14:39', b'0');
INSERT INTO `system_dict_data` VALUES (2, 2, '女', '2', 'system_user_sex', 0, 'success', '', '性别女', 'admin', '2021-01-05 17:03:48', '1', '2023-11-15 23:30:37', b'0');
INSERT INTO `system_dict_data` VALUES (8, 1, '正常', '1', 'infra_job_status', 0, 'success', '', '正常状态', 'admin', '2021-01-05 17:03:48', '1', '2022-02-16 19:33:38', b'0');
INSERT INTO `system_dict_data` VALUES (9, 2, '暂停', '2', 'infra_job_status', 0, 'danger', '', '停用状态', 'admin', '2021-01-05 17:03:48', '1', '2022-02-16 19:33:45', b'0');
INSERT INTO `system_dict_data` VALUES (12, 1, '系统内置', '1', 'infra_config_type', 0, 'danger', '', '参数类型 - 系统内置', 'admin', '2021-01-05 17:03:48', '1', '2022-02-16 19:06:02', b'0');
INSERT INTO `system_dict_data` VALUES (13, 2, '自定义', '2', 'infra_config_type', 0, 'primary', '', '参数类型 - 自定义', 'admin', '2021-01-05 17:03:48', '1', '2022-02-16 19:06:07', b'0');
INSERT INTO `system_dict_data` VALUES (14, 1, '通知', '1', 'system_notice_type', 0, 'success', '', '通知', 'admin', '2021-01-05 17:03:48', '1', '2022-02-16 13:05:57', b'0');
INSERT INTO `system_dict_data` VALUES (15, 2, '公告', '2', 'system_notice_type', 0, 'info', '', '公告', 'admin', '2021-01-05 17:03:48', '1', '2022-02-16 13:06:01', b'0');
INSERT INTO `system_dict_data` VALUES (16, 0, '其它', '0', 'infra_operate_type', 0, 'default', '', '其它操作', 'admin', '2021-01-05 17:03:48', '1', '2024-03-14 12:44:19', b'0');
INSERT INTO `system_dict_data` VALUES (17, 1, '查询', '1', 'infra_operate_type', 0, 'info', '', '查询操作', 'admin', '2021-01-05 17:03:48', '1', '2024-03-14 12:44:20', b'0');
INSERT INTO `system_dict_data` VALUES (18, 2, '新增', '2', 'infra_operate_type', 0, 'primary', '', '新增操作', 'admin', '2021-01-05 17:03:48', '1', '2024-03-14 12:44:21', b'0');
INSERT INTO `system_dict_data` VALUES (19, 3, '修改', '3', 'infra_operate_type', 0, 'warning', '', '修改操作', 'admin', '2021-01-05 17:03:48', '1', '2024-03-14 12:44:22', b'0');
INSERT INTO `system_dict_data` VALUES (20, 4, '删除', '4', 'infra_operate_type', 0, 'danger', '', '删除操作', 'admin', '2021-01-05 17:03:48', '1', '2024-03-14 12:44:23', b'0');
INSERT INTO `system_dict_data` VALUES (22, 5, '导出', '5', 'infra_operate_type', 0, 'default', '', '导出操作', 'admin', '2021-01-05 17:03:48', '1', '2024-03-14 12:44:24', b'0');
INSERT INTO `system_dict_data` VALUES (23, 6, '导入', '6', 'infra_operate_type', 0, 'default', '', '导入操作', 'admin', '2021-01-05 17:03:48', '1', '2024-03-14 12:44:25', b'0');
INSERT INTO `system_dict_data` VALUES (27, 1, '开启', '0', 'common_status', 0, 'primary', '', '开启状态', 'admin', '2021-01-05 17:03:48', '1', '2022-02-16 08:00:39', b'0');
INSERT INTO `system_dict_data` VALUES (28, 2, '关闭', '1', 'common_status', 0, 'info', '', '关闭状态', 'admin', '2021-01-05 17:03:48', '1', '2022-02-16 08:00:44', b'0');
INSERT INTO `system_dict_data` VALUES (29, 1, '目录', '1', 'system_menu_type', 0, '', '', '目录', 'admin', '2021-01-05 17:03:48', '', '2022-02-01 16:43:45', b'0');
INSERT INTO `system_dict_data` VALUES (30, 2, '菜单', '2', 'system_menu_type', 0, '', '', '菜单', 'admin', '2021-01-05 17:03:48', '', '2022-02-01 16:43:41', b'0');
INSERT INTO `system_dict_data` VALUES (31, 3, '按钮', '3', 'system_menu_type', 0, '', '', '按钮', 'admin', '2021-01-05 17:03:48', '', '2022-02-01 16:43:39', b'0');
INSERT INTO `system_dict_data` VALUES (32, 1, '内置', '1', 'system_role_type', 0, 'danger', '', '内置角色', 'admin', '2021-01-05 17:03:48', '1', '2022-02-16 13:02:08', b'0');
INSERT INTO `system_dict_data` VALUES (33, 2, '自定义', '2', 'system_role_type', 0, 'primary', '', '自定义角色', 'admin', '2021-01-05 17:03:48', '1', '2022-02-16 13:02:12', b'0');
INSERT INTO `system_dict_data` VALUES (34, 1, '全部数据权限', '1', 'system_data_scope', 0, '', '', '全部数据权限', 'admin', '2021-01-05 17:03:48', '', '2022-02-01 16:47:17', b'0');
INSERT INTO `system_dict_data` VALUES (35, 2, '指定部门数据权限', '2', 'system_data_scope', 0, '', '', '指定部门数据权限', 'admin', '2021-01-05 17:03:48', '', '2022-02-01 16:47:18', b'0');
INSERT INTO `system_dict_data` VALUES (36, 3, '本部门数据权限', '3', 'system_data_scope', 0, '', '', '本部门数据权限', 'admin', '2021-01-05 17:03:48', '', '2022-02-01 16:47:16', b'0');
INSERT INTO `system_dict_data` VALUES (37, 4, '本部门及以下数据权限', '4', 'system_data_scope', 0, '', '', '本部门及以下数据权限', 'admin', '2021-01-05 17:03:48', '', '2022-02-01 16:47:21', b'0');
INSERT INTO `system_dict_data` VALUES (38, 5, '仅本人数据权限', '5', 'system_data_scope', 0, '', '', '仅本人数据权限', 'admin', '2021-01-05 17:03:48', '', '2022-02-01 16:47:23', b'0');
INSERT INTO `system_dict_data` VALUES (39, 0, '成功', '0', 'system_login_result', 0, 'success', '', '登陆结果 - 成功', '', '2021-01-18 06:17:36', '1', '2022-02-16 13:23:49', b'0');
INSERT INTO `system_dict_data` VALUES (40, 10, '账号或密码不正确', '10', 'system_login_result', 0, 'primary', '', '登陆结果 - 账号或密码不正确', '', '2021-01-18 06:17:54', '1', '2022-02-16 13:24:27', b'0');
INSERT INTO `system_dict_data` VALUES (41, 20, '用户被禁用', '20', 'system_login_result', 0, 'warning', '', '登陆结果 - 用户被禁用', '', '2021-01-18 06:17:54', '1', '2022-02-16 13:23:57', b'0');
INSERT INTO `system_dict_data` VALUES (42, 30, '验证码不存在', '30', 'system_login_result', 0, 'info', '', '登陆结果 - 验证码不存在', '', '2021-01-18 06:17:54', '1', '2022-02-16 13:24:07', b'0');
INSERT INTO `system_dict_data` VALUES (43, 31, '验证码不正确', '31', 'system_login_result', 0, 'info', '', '登陆结果 - 验证码不正确', '', '2021-01-18 06:17:54', '1', '2022-02-16 13:24:11', b'0');
INSERT INTO `system_dict_data` VALUES (44, 100, '未知异常', '100', 'system_login_result', 0, 'danger', '', '登陆结果 - 未知异常', '', '2021-01-18 06:17:54', '1', '2022-02-16 13:24:23', b'0');
INSERT INTO `system_dict_data` VALUES (45, 1, '是', 'true', 'infra_boolean_string', 0, 'danger', '', 'Boolean 是否类型 - 是', '', '2021-01-19 03:20:55', '1', '2022-03-15 23:01:45', b'0');
INSERT INTO `system_dict_data` VALUES (46, 1, '否', 'false', 'infra_boolean_string', 0, 'info', '', 'Boolean 是否类型 - 否', '', '2021-01-19 03:20:55', '1', '2022-03-15 23:09:45', b'0');
INSERT INTO `system_dict_data` VALUES (50, 1, '单表（增删改查）', '1', 'infra_codegen_template_type', 0, '', '', NULL, '', '2021-02-05 07:09:06', '', '2022-03-10 16:33:15', b'0');
INSERT INTO `system_dict_data` VALUES (51, 2, '树表（增删改查）', '2', 'infra_codegen_template_type', 0, '', '', NULL, '', '2021-02-05 07:14:46', '', '2022-03-10 16:33:19', b'0');
INSERT INTO `system_dict_data` VALUES (53, 0, '初始化中', '0', 'infra_job_status', 0, 'primary', '', NULL, '', '2021-02-07 07:46:49', '1', '2022-02-16 19:33:29', b'0');
INSERT INTO `system_dict_data` VALUES (57, 0, '运行中', '0', 'infra_job_log_status', 0, 'primary', '', 'RUNNING', '', '2021-02-08 10:04:24', '1', '2022-02-16 19:07:48', b'0');
INSERT INTO `system_dict_data` VALUES (58, 1, '成功', '1', 'infra_job_log_status', 0, 'success', '', NULL, '', '2021-02-08 10:06:57', '1', '2022-02-16 19:07:52', b'0');
INSERT INTO `system_dict_data` VALUES (59, 2, '失败', '2', 'infra_job_log_status', 0, 'warning', '', '失败', '', '2021-02-08 10:07:38', '1', '2022-02-16 19:07:56', b'0');
INSERT INTO `system_dict_data` VALUES (60, 1, '会员', '1', 'user_type', 0, 'primary', '', NULL, '', '2021-02-26 00:16:27', '1', '2022-02-16 10:22:19', b'0');
INSERT INTO `system_dict_data` VALUES (61, 2, '管理员', '2', 'user_type', 0, 'success', '', NULL, '', '2021-02-26 00:16:34', '1', '2022-02-16 10:22:22', b'0');
INSERT INTO `system_dict_data` VALUES (62, 0, '未处理', '0', 'infra_api_error_log_process_status', 0, 'primary', '', NULL, '', '2021-02-26 07:07:19', '1', '2022-02-16 20:14:17', b'0');
INSERT INTO `system_dict_data` VALUES (63, 1, '已处理', '1', 'infra_api_error_log_process_status', 0, 'success', '', NULL, '', '2021-02-26 07:07:26', '1', '2022-02-16 20:14:08', b'0');
INSERT INTO `system_dict_data` VALUES (64, 2, '已忽略', '2', 'infra_api_error_log_process_status', 0, 'danger', '', NULL, '', '2021-02-26 07:07:34', '1', '2022-02-16 20:14:14', b'0');
INSERT INTO `system_dict_data` VALUES (66, 2, '阿里云', 'ALIYUN', 'system_sms_channel_code', 0, 'primary', '', NULL, '1', '2021-04-05 01:05:26', '1', '2022-02-16 10:09:52', b'0');
INSERT INTO `system_dict_data` VALUES (67, 1, '验证码', '1', 'system_sms_template_type', 0, 'warning', '', NULL, '1', '2021-04-05 21:50:57', '1', '2022-02-16 12:48:30', b'0');
INSERT INTO `system_dict_data` VALUES (68, 2, '通知', '2', 'system_sms_template_type', 0, 'primary', '', NULL, '1', '2021-04-05 21:51:08', '1', '2022-02-16 12:48:27', b'0');
INSERT INTO `system_dict_data` VALUES (69, 0, '营销', '3', 'system_sms_template_type', 0, 'danger', '', NULL, '1', '2021-04-05 21:51:15', '1', '2022-02-16 12:48:22', b'0');
INSERT INTO `system_dict_data` VALUES (70, 0, '初始化', '0', 'system_sms_send_status', 0, 'primary', '', NULL, '1', '2021-04-11 20:18:33', '1', '2022-02-16 10:26:07', b'0');
INSERT INTO `system_dict_data` VALUES (71, 1, '发送成功', '10', 'system_sms_send_status', 0, 'success', '', NULL, '1', '2021-04-11 20:18:43', '1', '2022-02-16 10:25:56', b'0');
INSERT INTO `system_dict_data` VALUES (72, 2, '发送失败', '20', 'system_sms_send_status', 0, 'danger', '', NULL, '1', '2021-04-11 20:18:49', '1', '2022-02-16 10:26:03', b'0');
INSERT INTO `system_dict_data` VALUES (73, 3, '不发送', '30', 'system_sms_send_status', 0, 'info', '', NULL, '1', '2021-04-11 20:19:44', '1', '2022-02-16 10:26:10', b'0');
INSERT INTO `system_dict_data` VALUES (74, 0, '等待结果', '0', 'system_sms_receive_status', 0, 'primary', '', NULL, '1', '2021-04-11 20:27:43', '1', '2022-02-16 10:28:24', b'0');
INSERT INTO `system_dict_data` VALUES (75, 1, '接收成功', '10', 'system_sms_receive_status', 0, 'success', '', NULL, '1', '2021-04-11 20:29:25', '1', '2022-02-16 10:28:28', b'0');
INSERT INTO `system_dict_data` VALUES (76, 2, '接收失败', '20', 'system_sms_receive_status', 0, 'danger', '', NULL, '1', '2021-04-11 20:29:31', '1', '2022-02-16 10:28:32', b'0');
INSERT INTO `system_dict_data` VALUES (77, 0, '调试(钉钉)', 'DEBUG_DING_TALK', 'system_sms_channel_code', 0, 'info', '', NULL, '1', '2021-04-13 00:20:37', '1', '2022-02-16 10:10:00', b'0');
INSERT INTO `system_dict_data` VALUES (80, 100, '账号登录', '100', 'system_login_type', 0, 'primary', '', '账号登录', '1', '2021-10-06 00:52:02', '1', '2022-02-16 13:11:34', b'0');
INSERT INTO `system_dict_data` VALUES (81, 101, '社交登录', '101', 'system_login_type', 0, 'info', '', '社交登录', '1', '2021-10-06 00:52:17', '1', '2022-02-16 13:11:40', b'0');
INSERT INTO `system_dict_data` VALUES (83, 200, '主动登出', '200', 'system_login_type', 0, 'primary', '', '主动登出', '1', '2021-10-06 00:52:58', '1', '2022-02-16 13:11:49', b'0');
INSERT INTO `system_dict_data` VALUES (85, 202, '强制登出', '202', 'system_login_type', 0, 'danger', '', '强制退出', '1', '2021-10-06 00:53:41', '1', '2022-02-16 13:11:57', b'0');
INSERT INTO `system_dict_data` VALUES (1145, 1, '管理后台', '1', 'infra_codegen_scene', 0, '', '', '代码生成的场景枚举 - 管理后台', '1', '2022-02-02 13:15:06', '1', '2022-03-10 16:32:59', b'0');
INSERT INTO `system_dict_data` VALUES (1146, 2, '用户 APP', '2', 'infra_codegen_scene', 0, '', '', '代码生成的场景枚举 - 用户 APP', '1', '2022-02-02 13:15:19', '1', '2022-03-10 16:33:03', b'0');
INSERT INTO `system_dict_data` VALUES (1150, 1, '数据库', '1', 'infra_file_storage', 0, 'default', '', NULL, '1', '2022-03-15 00:25:28', '1', '2022-03-15 00:25:28', b'0');
INSERT INTO `system_dict_data` VALUES (1151, 10, '本地磁盘', '10', 'infra_file_storage', 0, 'default', '', NULL, '1', '2022-03-15 00:25:41', '1', '2022-03-15 00:25:56', b'0');
INSERT INTO `system_dict_data` VALUES (1152, 11, 'FTP 服务器', '11', 'infra_file_storage', 0, 'default', '', NULL, '1', '2022-03-15 00:26:06', '1', '2022-03-15 00:26:10', b'0');
INSERT INTO `system_dict_data` VALUES (1153, 12, 'SFTP 服务器', '12', 'infra_file_storage', 0, 'default', '', NULL, '1', '2022-03-15 00:26:22', '1', '2022-03-15 00:26:22', b'0');
INSERT INTO `system_dict_data` VALUES (1154, 20, 'S3 对象存储', '20', 'infra_file_storage', 0, 'default', '', NULL, '1', '2022-03-15 00:26:31', '1', '2022-03-15 00:26:45', b'0');
INSERT INTO `system_dict_data` VALUES (1155, 103, '短信登录', '103', 'system_login_type', 0, 'default', '', NULL, '1', '2022-05-09 23:57:58', '1', '2022-05-09 23:58:09', b'0');
INSERT INTO `system_dict_data` VALUES (1156, 1, 'password', 'password', 'system_oauth2_grant_type', 0, 'default', '', '密码模式', '1', '2022-05-12 00:22:05', '1', '2022-05-11 16:26:01', b'0');
INSERT INTO `system_dict_data` VALUES (1157, 2, 'authorization_code', 'authorization_code', 'system_oauth2_grant_type', 0, 'primary', '', '授权码模式', '1', '2022-05-12 00:22:59', '1', '2022-05-11 16:26:02', b'0');
INSERT INTO `system_dict_data` VALUES (1158, 3, 'implicit', 'implicit', 'system_oauth2_grant_type', 0, 'success', '', '简化模式', '1', '2022-05-12 00:23:40', '1', '2022-05-11 16:26:05', b'0');
INSERT INTO `system_dict_data` VALUES (1159, 4, 'client_credentials', 'client_credentials', 'system_oauth2_grant_type', 0, 'default', '', '客户端模式', '1', '2022-05-12 00:23:51', '1', '2022-05-11 16:26:08', b'0');
INSERT INTO `system_dict_data` VALUES (1160, 5, 'refresh_token', 'refresh_token', 'system_oauth2_grant_type', 0, 'info', '', '刷新模式', '1', '2022-05-12 00:24:02', '1', '2022-05-11 16:26:11', b'0');
INSERT INTO `system_dict_data` VALUES (1194, 10, '微信小程序', '10', 'terminal', 0, 'default', '', '终端 - 微信小程序', '1', '2022-12-10 10:51:11', '1', '2022-12-10 10:51:57', b'0');
INSERT INTO `system_dict_data` VALUES (1195, 20, 'H5 网页', '20', 'terminal', 0, 'default', '', '终端 - H5 网页', '1', '2022-12-10 10:51:30', '1', '2022-12-10 10:51:59', b'0');
INSERT INTO `system_dict_data` VALUES (1196, 11, '微信公众号', '11', 'terminal', 0, 'default', '', '终端 - 微信公众号', '1', '2022-12-10 10:54:16', '1', '2022-12-10 10:52:01', b'0');
INSERT INTO `system_dict_data` VALUES (1197, 31, '苹果 App', '31', 'terminal', 0, 'default', '', '终端 - 苹果 App', '1', '2022-12-10 10:54:42', '1', '2022-12-10 10:52:18', b'0');
INSERT INTO `system_dict_data` VALUES (1198, 32, '安卓 App', '32', 'terminal', 0, 'default', '', '终端 - 安卓 App', '1', '2022-12-10 10:55:02', '1', '2022-12-10 10:59:17', b'0');
INSERT INTO `system_dict_data` VALUES (1223, 0, '初始化', '0', 'system_mail_send_status', 0, 'primary', '', '邮件发送状态 - 初始化\n', '1', '2023-01-26 09:53:49', '1', '2023-01-26 16:36:14', b'0');
INSERT INTO `system_dict_data` VALUES (1224, 10, '发送成功', '10', 'system_mail_send_status', 0, 'success', '', '邮件发送状态 - 发送成功', '1', '2023-01-26 09:54:28', '1', '2023-01-26 16:36:22', b'0');
INSERT INTO `system_dict_data` VALUES (1225, 20, '发送失败', '20', 'system_mail_send_status', 0, 'danger', '', '邮件发送状态 - 发送失败', '1', '2023-01-26 09:54:50', '1', '2023-01-26 16:36:26', b'0');
INSERT INTO `system_dict_data` VALUES (1226, 30, '不发送', '30', 'system_mail_send_status', 0, 'info', '', '邮件发送状态 -  不发送', '1', '2023-01-26 09:55:06', '1', '2023-01-26 16:36:36', b'0');
INSERT INTO `system_dict_data` VALUES (1227, 1, '通知公告', '1', 'system_notify_template_type', 0, 'primary', '', '站内信模版的类型 - 通知公告', '1', '2023-01-28 10:35:59', '1', '2023-01-28 10:35:59', b'0');
INSERT INTO `system_dict_data` VALUES (1228, 2, '系统消息', '2', 'system_notify_template_type', 0, 'success', '', '站内信模版的类型 - 系统消息', '1', '2023-01-28 10:36:20', '1', '2023-01-28 10:36:25', b'0');
INSERT INTO `system_dict_data` VALUES (1231, 10, 'Vue2 Element UI 标准模版', '10', 'infra_codegen_front_type', 0, '', '', '', '1', '2023-04-13 00:03:55', '1', '2023-04-13 00:03:55', b'0');
INSERT INTO `system_dict_data` VALUES (1232, 20, 'Vue3 Element Plus 标准模版', '20', 'infra_codegen_front_type', 0, '', '', '', '1', '2023-04-13 00:04:08', '1', '2023-04-13 00:04:08', b'0');
INSERT INTO `system_dict_data` VALUES (1233, 21, 'Vue3 Element Plus Schema 模版', '21', 'infra_codegen_front_type', 0, '', '', '', '1', '2023-04-13 00:04:26', '1', '2023-04-13 00:04:26', b'0');
INSERT INTO `system_dict_data` VALUES (1234, 30, 'Vue3 vben 模版', '30', 'infra_codegen_front_type', 0, '', '', '', '1', '2023-04-13 00:04:26', '1', '2023-04-13 00:04:26', b'0');
INSERT INTO `system_dict_data` VALUES (1435, 10, 'Gitee', '10', 'system_social_type', 0, '', '', '', '1', '2023-11-04 13:04:42', '1', '2023-11-04 13:04:42', b'0');
INSERT INTO `system_dict_data` VALUES (1436, 20, '钉钉', '20', 'system_social_type', 0, '', '', '', '1', '2023-11-04 13:04:54', '1', '2023-11-04 13:04:54', b'0');
INSERT INTO `system_dict_data` VALUES (1437, 30, '企业微信', '30', 'system_social_type', 0, '', '', '', '1', '2023-11-04 13:05:09', '1', '2023-11-04 13:05:09', b'0');
INSERT INTO `system_dict_data` VALUES (1438, 31, '微信公众平台', '31', 'system_social_type', 0, '', '', '', '1', '2023-11-04 13:05:18', '1', '2023-11-04 13:05:18', b'0');
INSERT INTO `system_dict_data` VALUES (1439, 32, '微信开放平台', '32', 'system_social_type', 0, '', '', '', '1', '2023-11-04 13:05:30', '1', '2023-11-04 13:05:30', b'0');
INSERT INTO `system_dict_data` VALUES (1440, 34, '微信小程序', '34', 'system_social_type', 0, '', '', '', '1', '2023-11-04 13:05:38', '1', '2023-11-04 13:07:16', b'0');
INSERT INTO `system_dict_data` VALUES (1443, 15, '子表', '15', 'infra_codegen_template_type', 0, 'default', '', '', '1', '2023-11-13 23:06:16', '1', '2023-11-13 23:06:16', b'0');
INSERT INTO `system_dict_data` VALUES (1444, 10, '主表（标准模式）', '10', 'infra_codegen_template_type', 0, 'default', '', '', '1', '2023-11-14 12:32:49', '1', '2023-11-14 12:32:49', b'0');
INSERT INTO `system_dict_data` VALUES (1445, 11, '主表（ERP 模式）', '11', 'infra_codegen_template_type', 0, 'default', '', '', '1', '2023-11-14 12:33:05', '1', '2023-11-14 12:33:05', b'0');
INSERT INTO `system_dict_data` VALUES (1446, 12, '主表（内嵌模式）', '12', 'infra_codegen_template_type', 0, '', '', '', '1', '2023-11-14 12:33:31', '1', '2023-11-14 12:33:31', b'0');
INSERT INTO `system_dict_data` VALUES (1529, 1, '天', '1', 'date_interval', 0, '', '', '', '1', '2024-03-29 22:50:26', '1', '2024-03-29 22:50:26', b'0');
INSERT INTO `system_dict_data` VALUES (1530, 2, '周', '2', 'date_interval', 0, '', '', '', '1', '2024-03-29 22:50:36', '1', '2024-03-29 22:50:36', b'0');
INSERT INTO `system_dict_data` VALUES (1531, 3, '月', '3', 'date_interval', 0, '', '', '', '1', '2024-03-29 22:50:46', '1', '2024-03-29 22:50:54', b'0');
INSERT INTO `system_dict_data` VALUES (1532, 4, '季度', '4', 'date_interval', 0, '', '', '', '1', '2024-03-29 22:51:01', '1', '2024-03-29 22:51:01', b'0');
INSERT INTO `system_dict_data` VALUES (1533, 5, '年', '5', 'date_interval', 0, '', '', '', '1', '2024-03-29 22:51:07', '1', '2024-03-29 22:51:07', b'0');

-- ----------------------------
-- Table structure for system_dict_type
-- ----------------------------
DROP TABLE IF EXISTS `system_dict_type`;
CREATE TABLE `system_dict_type`  (
  `id` bigint(0) NOT NULL AUTO_INCREMENT COMMENT '字典主键',
  `name` varchar(100) CHARACTER SET utf8mb4 COLLATE utf8mb4_unicode_ci NOT NULL DEFAULT '' COMMENT '字典名称',
  `type` varchar(100) CHARACTER SET utf8mb4 COLLATE utf8mb4_unicode_ci NOT NULL DEFAULT '' COMMENT '字典类型',
  `status` tinyint(0) NOT NULL DEFAULT 0 COMMENT '状态（0正常 1停用）',
  `remark` varchar(500) CHARACTER SET utf8mb4 COLLATE utf8mb4_unicode_ci NULL DEFAULT NULL COMMENT '备注',
  `creator` varchar(64) CHARACTER SET utf8mb4 COLLATE utf8mb4_unicode_ci NULL DEFAULT '' COMMENT '创建者',
  `create_time` datetime(0) NOT NULL DEFAULT CURRENT_TIMESTAMP(0) COMMENT '创建时间',
  `updater` varchar(64) CHARACTER SET utf8mb4 COLLATE utf8mb4_unicode_ci NULL DEFAULT '' COMMENT '更新者',
  `update_time` datetime(0) NOT NULL DEFAULT CURRENT_TIMESTAMP(0) ON UPDATE CURRENT_TIMESTAMP(0) COMMENT '更新时间',
  `deleted` bit(1) NOT NULL DEFAULT b'0' COMMENT '是否删除',
  `deleted_time` datetime(0) NULL DEFAULT NULL COMMENT '删除时间',
  PRIMARY KEY (`id`) USING BTREE,
  UNIQUE INDEX `dict_type`(`type`) USING BTREE
) ENGINE = InnoDB AUTO_INCREMENT = 620 CHARACTER SET = utf8mb4 COLLATE = utf8mb4_unicode_ci COMMENT = '字典类型表' ROW_FORMAT = Dynamic;

-- ----------------------------
-- Records of system_dict_type
-- ----------------------------
INSERT INTO `system_dict_type` VALUES (1, '用户性别', 'system_user_sex', 0, NULL, 'admin', '2021-01-05 17:03:48', '1', '2022-05-16 20:29:32', b'0', NULL);
INSERT INTO `system_dict_type` VALUES (6, '参数类型', 'infra_config_type', 0, NULL, 'admin', '2021-01-05 17:03:48', '', '2022-02-01 16:36:54', b'0', NULL);
INSERT INTO `system_dict_type` VALUES (7, '通知类型', 'system_notice_type', 0, NULL, 'admin', '2021-01-05 17:03:48', '', '2022-02-01 16:35:26', b'0', NULL);
INSERT INTO `system_dict_type` VALUES (9, '操作类型', 'infra_operate_type', 0, NULL, 'admin', '2021-01-05 17:03:48', '1', '2024-03-14 12:44:01', b'0', NULL);
INSERT INTO `system_dict_type` VALUES (10, '系统状态', 'common_status', 0, NULL, 'admin', '2021-01-05 17:03:48', '', '2022-02-01 16:21:28', b'0', NULL);
INSERT INTO `system_dict_type` VALUES (11, 'Boolean 是否类型', 'infra_boolean_string', 0, 'boolean 转是否', '', '2021-01-19 03:20:08', '', '2022-02-01 16:37:10', b'0', NULL);
INSERT INTO `system_dict_type` VALUES (104, '登陆结果', 'system_login_result', 0, '登陆结果', '', '2021-01-18 06:17:11', '', '2022-02-01 16:36:00', b'0', NULL);
INSERT INTO `system_dict_type` VALUES (106, '代码生成模板类型', 'infra_codegen_template_type', 0, NULL, '', '2021-02-05 07:08:06', '1', '2022-05-16 20:26:50', b'0', NULL);
INSERT INTO `system_dict_type` VALUES (107, '定时任务状态', 'infra_job_status', 0, NULL, '', '2021-02-07 07:44:16', '', '2022-02-01 16:51:11', b'0', NULL);
INSERT INTO `system_dict_type` VALUES (108, '定时任务日志状态', 'infra_job_log_status', 0, NULL, '', '2021-02-08 10:03:51', '', '2022-02-01 16:50:43', b'0', NULL);
INSERT INTO `system_dict_type` VALUES (109, '用户类型', 'user_type', 0, NULL, '', '2021-02-26 00:15:51', '', '2021-02-26 00:15:51', b'0', NULL);
INSERT INTO `system_dict_type` VALUES (110, 'API 异常数据的处理状态', 'infra_api_error_log_process_status', 0, NULL, '', '2021-02-26 07:07:01', '', '2022-02-01 16:50:53', b'0', NULL);
INSERT INTO `system_dict_type` VALUES (111, '短信渠道编码', 'system_sms_channel_code', 0, NULL, '1', '2021-04-05 01:04:50', '1', '2022-02-16 02:09:08', b'0', NULL);
INSERT INTO `system_dict_type` VALUES (112, '短信模板的类型', 'system_sms_template_type', 0, NULL, '1', '2021-04-05 21:50:43', '1', '2022-02-01 16:35:06', b'0', NULL);
INSERT INTO `system_dict_type` VALUES (113, '短信发送状态', 'system_sms_send_status', 0, NULL, '1', '2021-04-11 20:18:03', '1', '2022-02-01 16:35:09', b'0', NULL);
INSERT INTO `system_dict_type` VALUES (114, '短信接收状态', 'system_sms_receive_status', 0, NULL, '1', '2021-04-11 20:27:14', '1', '2022-02-01 16:35:14', b'0', NULL);
INSERT INTO `system_dict_type` VALUES (116, '登陆日志的类型', 'system_login_type', 0, '登陆日志的类型', '1', '2021-10-06 00:50:46', '1', '2022-02-01 16:35:56', b'0', NULL);
INSERT INTO `system_dict_type` VALUES (144, '代码生成的场景枚举', 'infra_codegen_scene', 0, '代码生成的场景枚举', '1', '2022-02-02 13:14:45', '1', '2022-03-10 16:33:46', b'0', NULL);
INSERT INTO `system_dict_type` VALUES (145, '角色类型', 'system_role_type', 0, '角色类型', '1', '2022-02-16 13:01:46', '1', '2022-02-16 13:01:46', b'0', NULL);
INSERT INTO `system_dict_type` VALUES (146, '文件存储器', 'infra_file_storage', 0, '文件存储器', '1', '2022-03-15 00:24:38', '1', '2022-03-15 00:24:38', b'0', NULL);
INSERT INTO `system_dict_type` VALUES (147, 'OAuth 2.0 授权类型', 'system_oauth2_grant_type', 0, 'OAuth 2.0 授权类型（模式）', '1', '2022-05-12 00:20:52', '1', '2022-05-11 16:25:49', b'0', NULL);
INSERT INTO `system_dict_type` VALUES (160, '终端', 'terminal', 0, '终端', '1', '2022-12-10 10:50:50', '1', '2022-12-10 10:53:11', b'0', NULL);
INSERT INTO `system_dict_type` VALUES (166, '邮件发送状态', 'system_mail_send_status', 0, '邮件发送状态', '1', '2023-01-26 09:53:13', '1', '2023-01-26 09:53:13', b'0', '1970-01-01 00:00:00');
INSERT INTO `system_dict_type` VALUES (167, '站内信模版的类型', 'system_notify_template_type', 0, '站内信模版的类型', '1', '2023-01-28 10:35:10', '1', '2023-01-28 10:35:10', b'0', '1970-01-01 00:00:00');
INSERT INTO `system_dict_type` VALUES (168, '代码生成的前端类型', 'infra_codegen_front_type', 0, '', '1', '2023-04-12 23:57:52', '1', '2023-04-12 23:57:52', b'0', '1970-01-01 00:00:00');
INSERT INTO `system_dict_type` VALUES (601, '社交类型', 'system_social_type', 0, '', '1', '2023-11-04 13:03:54', '1', '2023-11-04 13:03:54', b'0', '1970-01-01 00:00:00');
INSERT INTO `system_dict_type` VALUES (616, '时间间隔', 'date_interval', 0, '', '1', '2024-03-29 22:50:09', '1', '2024-03-29 22:50:09', b'0', '1970-01-01 00:00:00');

-- ----------------------------
-- Table structure for system_login_log
-- ----------------------------
DROP TABLE IF EXISTS `system_login_log`;
CREATE TABLE `system_login_log`  (
  `id` bigint(0) NOT NULL AUTO_INCREMENT COMMENT '访问ID',
  `log_type` bigint(0) NOT NULL COMMENT '日志类型',
  `trace_id` varchar(64) CHARACTER SET utf8mb4 COLLATE utf8mb4_unicode_ci NOT NULL DEFAULT '' COMMENT '链路追踪编号',
  `user_id` bigint(0) NOT NULL DEFAULT 0 COMMENT '用户编号',
  `user_type` tinyint(0) NOT NULL DEFAULT 0 COMMENT '用户类型',
  `username` varchar(50) CHARACTER SET utf8mb4 COLLATE utf8mb4_unicode_ci NOT NULL DEFAULT '' COMMENT '用户账号',
  `result` tinyint(0) NOT NULL COMMENT '登陆结果',
  `user_ip` varchar(50) CHARACTER SET utf8mb4 COLLATE utf8mb4_unicode_ci NOT NULL COMMENT '用户 IP',
  `user_agent` varchar(512) CHARACTER SET utf8mb4 COLLATE utf8mb4_unicode_ci NOT NULL COMMENT '浏览器 UA',
  `creator` varchar(64) CHARACTER SET utf8mb4 COLLATE utf8mb4_unicode_ci NULL DEFAULT '' COMMENT '创建者',
  `create_time` datetime(0) NOT NULL DEFAULT CURRENT_TIMESTAMP(0) COMMENT '创建时间',
  `updater` varchar(64) CHARACTER SET utf8mb4 COLLATE utf8mb4_unicode_ci NULL DEFAULT '' COMMENT '更新者',
  `update_time` datetime(0) NOT NULL DEFAULT CURRENT_TIMESTAMP(0) ON UPDATE CURRENT_TIMESTAMP(0) COMMENT '更新时间',
  `deleted` bit(1) NOT NULL DEFAULT b'0' COMMENT '是否删除',
  `tenant_id` bigint(0) NOT NULL DEFAULT 0 COMMENT '租户编号',
  PRIMARY KEY (`id`) USING BTREE
) ENGINE = InnoDB AUTO_INCREMENT = 3104 CHARACTER SET = utf8mb4 COLLATE = utf8mb4_unicode_ci COMMENT = '系统访问记录' ROW_FORMAT = Dynamic;

-- ----------------------------
-- Records of system_login_log
-- ----------------------------
INSERT INTO `system_login_log` VALUES (3104, 100, '', 1, 2, 'admin', 0, '0:0:0:0:0:0:0:1', 'Mozilla/5.0 (Windows NT 10.0; Win64; x64) AppleWebKit/537.36 (KHTML, like Gecko) Chrome/125.0.0.0 Safari/537.36', NULL, '2024-06-01 22:56:00', NULL, '2024-06-01 22:56:00', b'0', 0);
INSERT INTO `system_login_log` VALUES (3105, 200, '', 1, 2, 'admin', 0, '0:0:0:0:0:0:0:1', 'Mozilla/5.0 (Windows NT 10.0; Win64; x64) AppleWebKit/537.36 (KHTML, like Gecko) Chrome/125.0.0.0 Safari/537.36', '1', '2024-06-01 23:37:27', '1', '2024-06-01 23:37:27', b'0', 0);
INSERT INTO `system_login_log` VALUES (3106, 100, '', 1, 2, 'admin', 0, '0:0:0:0:0:0:0:1', 'Mozilla/5.0 (Windows NT 10.0; Win64; x64) AppleWebKit/537.36 (KHTML, like Gecko) Chrome/125.0.0.0 Safari/537.36', NULL, '2024-06-01 23:37:30', NULL, '2024-06-01 23:37:30', b'0', 0);

-- ----------------------------
-- Table structure for system_mail_account
-- ----------------------------
DROP TABLE IF EXISTS `system_mail_account`;
CREATE TABLE `system_mail_account`  (
  `id` bigint(0) NOT NULL AUTO_INCREMENT COMMENT '主键',
  `mail` varchar(255) CHARACTER SET utf8mb4 COLLATE utf8mb4_unicode_ci NOT NULL COMMENT '邮箱',
  `username` varchar(255) CHARACTER SET utf8mb4 COLLATE utf8mb4_unicode_ci NOT NULL COMMENT '用户名',
  `password` varchar(255) CHARACTER SET utf8mb4 COLLATE utf8mb4_unicode_ci NOT NULL COMMENT '密码',
  `host` varchar(255) CHARACTER SET utf8mb4 COLLATE utf8mb4_unicode_ci NOT NULL COMMENT 'SMTP 服务器域名',
  `port` int(0) NOT NULL COMMENT 'SMTP 服务器端口',
  `ssl_enable` bit(1) NOT NULL DEFAULT b'0' COMMENT '是否开启 SSL',
  `starttls_enable` bit(1) NOT NULL DEFAULT b'0' COMMENT '是否开启 STARTTLS',
  `creator` varchar(64) CHARACTER SET utf8mb4 COLLATE utf8mb4_unicode_ci NULL DEFAULT '' COMMENT '创建者',
  `create_time` datetime(0) NOT NULL DEFAULT CURRENT_TIMESTAMP(0) COMMENT '创建时间',
  `updater` varchar(64) CHARACTER SET utf8mb4 COLLATE utf8mb4_unicode_ci NULL DEFAULT '' COMMENT '更新者',
  `update_time` datetime(0) NOT NULL DEFAULT CURRENT_TIMESTAMP(0) ON UPDATE CURRENT_TIMESTAMP(0) COMMENT '更新时间',
  `deleted` bit(1) NOT NULL DEFAULT b'0' COMMENT '是否删除',
  PRIMARY KEY (`id`) USING BTREE
) ENGINE = InnoDB AUTO_INCREMENT = 5 CHARACTER SET = utf8mb4 COLLATE = utf8mb4_unicode_ci COMMENT = '邮箱账号表' ROW_FORMAT = Dynamic;

-- ----------------------------
-- Records of system_mail_account
-- ----------------------------
INSERT INTO `system_mail_account` VALUES (1, '7684413@qq.com', '7684413@qq.com', '1234576', '127.0.0.1', 8080, b'0', b'0', '1', '2023-01-25 17:39:52', '1', '2024-04-24 09:13:56', b'0');
INSERT INTO `system_mail_account` VALUES (2, 'ydym_test@163.com', 'ydym_test@163.com', 'WBZTEINMIFVRYSOE', 'smtp.163.com', 465, b'1', b'0', '1', '2023-01-26 01:26:03', '1', '2023-04-12 22:39:38', b'0');
INSERT INTO `system_mail_account` VALUES (3, '76854114@qq.com', '3335', '11234', 'yunai1.cn', 466, b'0', b'0', '1', '2023-01-27 15:06:38', '1', '2023-01-27 07:08:36', b'1');
INSERT INTO `system_mail_account` VALUES (4, '7685413x@qq.com', '2', '3', '4', 5, b'1', b'0', '1', '2023-04-12 23:05:06', '1', '2023-04-12 15:05:11', b'1');

-- ----------------------------
-- Table structure for system_mail_log
-- ----------------------------
DROP TABLE IF EXISTS `system_mail_log`;
CREATE TABLE `system_mail_log`  (
  `id` bigint(0) NOT NULL AUTO_INCREMENT COMMENT '编号',
  `user_id` bigint(0) NULL DEFAULT NULL COMMENT '用户编号',
  `user_type` tinyint(0) NULL DEFAULT NULL COMMENT '用户类型',
  `to_mail` varchar(255) CHARACTER SET utf8mb4 COLLATE utf8mb4_unicode_ci NOT NULL COMMENT '接收邮箱地址',
  `account_id` bigint(0) NOT NULL COMMENT '邮箱账号编号',
  `from_mail` varchar(255) CHARACTER SET utf8mb4 COLLATE utf8mb4_unicode_ci NOT NULL COMMENT '发送邮箱地址',
  `template_id` bigint(0) NOT NULL COMMENT '模板编号',
  `template_code` varchar(63) CHARACTER SET utf8mb4 COLLATE utf8mb4_unicode_ci NOT NULL COMMENT '模板编码',
  `template_nickname` varchar(255) CHARACTER SET utf8mb4 COLLATE utf8mb4_unicode_ci NULL DEFAULT NULL COMMENT '模版发送人名称',
  `template_title` varchar(255) CHARACTER SET utf8mb4 COLLATE utf8mb4_unicode_ci NOT NULL COMMENT '邮件标题',
  `template_content` varchar(10240) CHARACTER SET utf8mb4 COLLATE utf8mb4_unicode_ci NOT NULL COMMENT '邮件内容',
  `template_params` varchar(255) CHARACTER SET utf8mb4 COLLATE utf8mb4_unicode_ci NOT NULL COMMENT '邮件参数',
  `send_status` tinyint(0) NOT NULL DEFAULT 0 COMMENT '发送状态',
  `send_time` datetime(0) NULL DEFAULT NULL COMMENT '发送时间',
  `send_message_id` varchar(255) CHARACTER SET utf8mb4 COLLATE utf8mb4_unicode_ci NULL DEFAULT NULL COMMENT '发送返回的消息 ID',
  `send_exception` varchar(4096) CHARACTER SET utf8mb4 COLLATE utf8mb4_unicode_ci NULL DEFAULT NULL COMMENT '发送异常',
  `creator` varchar(64) CHARACTER SET utf8mb4 COLLATE utf8mb4_unicode_ci NULL DEFAULT '' COMMENT '创建者',
  `create_time` datetime(0) NOT NULL DEFAULT CURRENT_TIMESTAMP(0) COMMENT '创建时间',
  `updater` varchar(64) CHARACTER SET utf8mb4 COLLATE utf8mb4_unicode_ci NULL DEFAULT '' COMMENT '更新者',
  `update_time` datetime(0) NOT NULL DEFAULT CURRENT_TIMESTAMP(0) ON UPDATE CURRENT_TIMESTAMP(0) COMMENT '更新时间',
  `deleted` bit(1) NOT NULL DEFAULT b'0' COMMENT '是否删除',
  PRIMARY KEY (`id`) USING BTREE
) ENGINE = InnoDB AUTO_INCREMENT = 356 CHARACTER SET = utf8mb4 COLLATE = utf8mb4_unicode_ci COMMENT = '邮件日志表' ROW_FORMAT = Dynamic;

-- ----------------------------
-- Records of system_mail_log
-- ----------------------------

-- ----------------------------
-- Table structure for system_mail_template
-- ----------------------------
DROP TABLE IF EXISTS `system_mail_template`;
CREATE TABLE `system_mail_template`  (
  `id` bigint(0) NOT NULL AUTO_INCREMENT COMMENT '编号',
  `name` varchar(63) CHARACTER SET utf8mb4 COLLATE utf8mb4_unicode_ci NOT NULL COMMENT '模板名称',
  `code` varchar(63) CHARACTER SET utf8mb4 COLLATE utf8mb4_unicode_ci NOT NULL COMMENT '模板编码',
  `account_id` bigint(0) NOT NULL COMMENT '发送的邮箱账号编号',
  `nickname` varchar(255) CHARACTER SET utf8mb4 COLLATE utf8mb4_unicode_ci NULL DEFAULT NULL COMMENT '发送人名称',
  `title` varchar(255) CHARACTER SET utf8mb4 COLLATE utf8mb4_unicode_ci NOT NULL COMMENT '模板标题',
  `content` varchar(10240) CHARACTER SET utf8mb4 COLLATE utf8mb4_unicode_ci NOT NULL COMMENT '模板内容',
  `params` varchar(255) CHARACTER SET utf8mb4 COLLATE utf8mb4_unicode_ci NOT NULL COMMENT '参数数组',
  `status` tinyint(0) NOT NULL COMMENT '开启状态',
  `remark` varchar(255) CHARACTER SET utf8mb4 COLLATE utf8mb4_unicode_ci NULL DEFAULT NULL COMMENT '备注',
  `creator` varchar(64) CHARACTER SET utf8mb4 COLLATE utf8mb4_unicode_ci NULL DEFAULT '' COMMENT '创建者',
  `create_time` datetime(0) NOT NULL DEFAULT CURRENT_TIMESTAMP(0) COMMENT '创建时间',
  `updater` varchar(64) CHARACTER SET utf8mb4 COLLATE utf8mb4_unicode_ci NULL DEFAULT '' COMMENT '更新者',
  `update_time` datetime(0) NOT NULL DEFAULT CURRENT_TIMESTAMP(0) ON UPDATE CURRENT_TIMESTAMP(0) COMMENT '更新时间',
  `deleted` bit(1) NOT NULL DEFAULT b'0' COMMENT '是否删除',
  PRIMARY KEY (`id`) USING BTREE
) ENGINE = InnoDB AUTO_INCREMENT = 16 CHARACTER SET = utf8mb4 COLLATE = utf8mb4_unicode_ci COMMENT = '邮件模版表' ROW_FORMAT = Dynamic;

-- ----------------------------
-- Records of system_mail_template
-- ----------------------------
INSERT INTO `system_mail_template` VALUES (13, '后台用户短信登录', 'admin-sms-login', 1, '奥特曼', '你猜我猜', '<p>您的验证码是{code}，名字是{name}</p>', '[\"code\",\"name\"]', 0, '3', '1', '2021-10-11 08:10:00', '1', '2023-12-02 19:51:14', b'0');
INSERT INTO `system_mail_template` VALUES (14, '测试模版', 'test_01', 2, '芋艿', '一个标题', '<p>你是 {key01} 吗？</p><p><br></p><p>是的话，赶紧 {key02} 一下！</p>', '[\"key01\",\"key02\"]', 0, NULL, '1', '2023-01-26 01:27:40', '1', '2023-01-27 10:32:16', b'0');
INSERT INTO `system_mail_template` VALUES (15, '3', '2', 2, '7', '4', '<p>45</p>', '[]', 1, '80', '1', '2023-01-27 15:50:35', '1', '2023-01-27 16:34:49', b'0');

-- ----------------------------
-- Table structure for system_menu
-- ----------------------------
DROP TABLE IF EXISTS `system_menu`;
CREATE TABLE `system_menu`  (
  `id` bigint(0) NOT NULL AUTO_INCREMENT COMMENT '菜单ID',
  `name` varchar(50) CHARACTER SET utf8mb4 COLLATE utf8mb4_unicode_ci NOT NULL COMMENT '菜单名称',
  `permission` varchar(100) CHARACTER SET utf8mb4 COLLATE utf8mb4_unicode_ci NOT NULL DEFAULT '' COMMENT '权限标识',
  `type` tinyint(0) NOT NULL COMMENT '菜单类型',
  `sort` int(0) NOT NULL DEFAULT 0 COMMENT '显示顺序',
  `parent_id` bigint(0) NOT NULL DEFAULT 0 COMMENT '父菜单ID',
  `path` varchar(200) CHARACTER SET utf8mb4 COLLATE utf8mb4_unicode_ci NULL DEFAULT '' COMMENT '路由地址',
  `icon` varchar(100) CHARACTER SET utf8mb4 COLLATE utf8mb4_unicode_ci NULL DEFAULT '#' COMMENT '菜单图标',
  `component` varchar(255) CHARACTER SET utf8mb4 COLLATE utf8mb4_unicode_ci NULL DEFAULT NULL COMMENT '组件路径',
  `component_name` varchar(255) CHARACTER SET utf8mb4 COLLATE utf8mb4_unicode_ci NULL DEFAULT NULL COMMENT '组件名',
  `status` tinyint(0) NOT NULL DEFAULT 0 COMMENT '菜单状态',
  `visible` bit(1) NOT NULL DEFAULT b'1' COMMENT '是否可见',
  `keep_alive` bit(1) NOT NULL DEFAULT b'1' COMMENT '是否缓存',
  `always_show` bit(1) NOT NULL DEFAULT b'1' COMMENT '是否总是显示',
  `creator` varchar(64) CHARACTER SET utf8mb4 COLLATE utf8mb4_unicode_ci NULL DEFAULT '' COMMENT '创建者',
  `create_time` datetime(0) NOT NULL DEFAULT CURRENT_TIMESTAMP(0) COMMENT '创建时间',
  `updater` varchar(64) CHARACTER SET utf8mb4 COLLATE utf8mb4_unicode_ci NULL DEFAULT '' COMMENT '更新者',
  `update_time` datetime(0) NOT NULL DEFAULT CURRENT_TIMESTAMP(0) ON UPDATE CURRENT_TIMESTAMP(0) COMMENT '更新时间',
  `deleted` bit(1) NOT NULL DEFAULT b'0' COMMENT '是否删除',
  PRIMARY KEY (`id`) USING BTREE
) ENGINE = InnoDB AUTO_INCREMENT = 2758 CHARACTER SET = utf8mb4 COLLATE = utf8mb4_unicode_ci COMMENT = '菜单权限表' ROW_FORMAT = Dynamic;

-- ----------------------------
-- Records of system_menu
-- ----------------------------
INSERT INTO `system_menu` VALUES (1, '系统管理', '', 1, 10, 0, '/system', 'ep:tools', NULL, NULL, 0, b'1', b'1', b'1', 'admin', '2021-01-05 17:03:48', '1', '2024-02-29 01:04:23', b'0');
INSERT INTO `system_menu` VALUES (2, '基础设施', '', 1, 20, 0, '/infra', 'ep:monitor', NULL, NULL, 0, b'1', b'1', b'1', 'admin', '2021-01-05 17:03:48', '1', '2024-03-01 08:28:40', b'0');
INSERT INTO `system_menu` VALUES (100, '用户管理', 'system:user:list', 2, 1, 1, 'user', 'ep:avatar', 'system/user/index', 'SystemUser', 0, b'1', b'1', b'1', 'admin', '2021-01-05 17:03:48', '1', '2024-02-29 01:02:04', b'0');
INSERT INTO `system_menu` VALUES (101, '角色管理', '', 2, 2, 1, 'role', 'ep:user', 'system/role/index', 'SystemRole', 0, b'1', b'1', b'1', 'admin', '2021-01-05 17:03:48', '1', '2024-02-29 01:03:28', b'0');
INSERT INTO `system_menu` VALUES (102, '菜单管理', '', 2, 3, 1, 'menu', 'ep:menu', 'system/menu/index', 'SystemMenu', 0, b'1', b'1', b'1', 'admin', '2021-01-05 17:03:48', '1', '2024-02-29 01:03:50', b'0');
INSERT INTO `system_menu` VALUES (103, '部门管理', '', 2, 4, 1, 'dept', 'fa:address-card', 'system/dept/index', 'SystemDept', 0, b'1', b'1', b'1', 'admin', '2021-01-05 17:03:48', '1', '2024-02-29 01:06:28', b'0');
INSERT INTO `system_menu` VALUES (104, '岗位管理', '', 2, 5, 1, 'post', 'fa:address-book-o', 'system/post/index', 'SystemPost', 0, b'1', b'1', b'1', 'admin', '2021-01-05 17:03:48', '1', '2024-02-29 01:06:39', b'0');
INSERT INTO `system_menu` VALUES (105, '字典管理', '', 2, 6, 1, 'dict', 'ep:collection', 'system/dict/index', 'SystemDictType', 0, b'1', b'1', b'1', 'admin', '2021-01-05 17:03:48', '1', '2024-02-29 01:07:12', b'0');
INSERT INTO `system_menu` VALUES (106, '配置管理', '', 2, 8, 2, 'config', 'fa:connectdevelop', 'infra/config/index', 'InfraConfig', 0, b'1', b'1', b'1', 'admin', '2021-01-05 17:03:48', '1', '2024-04-23 00:02:45', b'0');
INSERT INTO `system_menu` VALUES (107, '通知公告', '', 2, 4, 2739, 'notice', 'ep:takeaway-box', 'system/notice/index', 'SystemNotice', 0, b'1', b'1', b'1', 'admin', '2021-01-05 17:03:48', '1', '2024-04-22 23:56:17', b'0');
INSERT INTO `system_menu` VALUES (108, '审计日志', '', 1, 9, 1, 'log', 'ep:document-copy', '', NULL, 0, b'1', b'1', b'1', 'admin', '2021-01-05 17:03:48', '1', '2024-02-29 01:08:30', b'0');
INSERT INTO `system_menu` VALUES (109, '令牌管理', '', 2, 2, 1261, 'token', 'fa:key', 'system/oauth2/token/index', 'SystemTokenClient', 0, b'1', b'1', b'1', 'admin', '2021-01-05 17:03:48', '1', '2024-02-29 01:13:48', b'0');
INSERT INTO `system_menu` VALUES (110, '定时任务', '', 2, 7, 2, 'job', 'fa-solid:tasks', 'infra/job/index', 'InfraJob', 0, b'1', b'1', b'1', 'admin', '2021-01-05 17:03:48', '1', '2024-02-29 08:57:36', b'0');
INSERT INTO `system_menu` VALUES (111, 'MySQL 监控', '', 2, 1, 2740, 'druid', 'fa-solid:box', 'infra/druid/index', 'InfraDruid', 0, b'1', b'1', b'1', 'admin', '2021-01-05 17:03:48', '1', '2024-04-23 00:05:58', b'0');
INSERT INTO `system_menu` VALUES (112, 'Java 监控', '', 2, 3, 2740, 'admin-server', 'ep:coffee-cup', 'infra/server/index', 'InfraAdminServer', 0, b'1', b'1', b'1', 'admin', '2021-01-05 17:03:48', '1', '2024-04-23 00:06:57', b'0');
INSERT INTO `system_menu` VALUES (113, 'Redis 监控', '', 2, 2, 2740, 'redis', 'fa:reddit-square', 'infra/redis/index', 'InfraRedis', 0, b'1', b'1', b'1', 'admin', '2021-01-05 17:03:48', '1', '2024-04-23 00:06:09', b'0');
INSERT INTO `system_menu` VALUES (114, '表单构建', 'infra:build:list', 2, 2, 2, 'build', 'fa:wpforms', 'infra/build/index', 'InfraBuild', 0, b'1', b'1', b'1', 'admin', '2021-01-05 17:03:48', '1', '2024-02-29 08:51:35', b'0');
INSERT INTO `system_menu` VALUES (115, '代码生成', 'infra:codegen:query', 2, 1, 2, 'codegen', 'ep:document-copy', 'infra/codegen/index', 'InfraCodegen', 0, b'1', b'1', b'1', 'admin', '2021-01-05 17:03:48', '1', '2024-02-29 08:51:06', b'0');
INSERT INTO `system_menu` VALUES (116, 'API 接口', 'infra:swagger:list', 2, 3, 2, 'swagger', 'fa:fighter-jet', 'infra/swagger/index', 'InfraSwagger', 0, b'1', b'1', b'1', 'admin', '2021-01-05 17:03:48', '1', '2024-04-23 00:01:24', b'0');
INSERT INTO `system_menu` VALUES (500, '操作日志', '', 2, 1, 108, 'operate-log', 'ep:position', 'system/operatelog/index', 'SystemOperateLog', 0, b'1', b'1', b'1', 'admin', '2021-01-05 17:03:48', '1', '2024-02-29 01:09:59', b'0');
INSERT INTO `system_menu` VALUES (501, '登录日志', '', 2, 2, 108, 'login-log', 'ep:promotion', 'system/loginlog/index', 'SystemLoginLog', 0, b'1', b'1', b'1', 'admin', '2021-01-05 17:03:48', '1', '2024-02-29 01:10:29', b'0');
INSERT INTO `system_menu` VALUES (1001, '用户查询', 'system:user:query', 3, 1, 100, '', '#', '', NULL, 0, b'1', b'1', b'1', 'admin', '2021-01-05 17:03:48', '', '2022-04-20 17:03:10', b'0');
INSERT INTO `system_menu` VALUES (1002, '用户新增', 'system:user:create', 3, 2, 100, '', '', '', NULL, 0, b'1', b'1', b'1', 'admin', '2021-01-05 17:03:48', '1', '2022-04-20 17:03:10', b'0');
INSERT INTO `system_menu` VALUES (1003, '用户修改', 'system:user:update', 3, 3, 100, '', '', '', NULL, 0, b'1', b'1', b'1', 'admin', '2021-01-05 17:03:48', '1', '2022-04-20 17:03:10', b'0');
INSERT INTO `system_menu` VALUES (1004, '用户删除', 'system:user:delete', 3, 4, 100, '', '', '', NULL, 0, b'1', b'1', b'1', 'admin', '2021-01-05 17:03:48', '1', '2022-04-20 17:03:10', b'0');
INSERT INTO `system_menu` VALUES (1005, '用户导出', 'system:user:export', 3, 5, 100, '', '#', '', NULL, 0, b'1', b'1', b'1', 'admin', '2021-01-05 17:03:48', '', '2022-04-20 17:03:10', b'0');
INSERT INTO `system_menu` VALUES (1006, '用户导入', 'system:user:import', 3, 6, 100, '', '#', '', NULL, 0, b'1', b'1', b'1', 'admin', '2021-01-05 17:03:48', '', '2022-04-20 17:03:10', b'0');
INSERT INTO `system_menu` VALUES (1007, '重置密码', 'system:user:update-password', 3, 7, 100, '', '', '', NULL, 0, b'1', b'1', b'1', 'admin', '2021-01-05 17:03:48', '1', '2022-04-20 17:03:10', b'0');
INSERT INTO `system_menu` VALUES (1008, '角色查询', 'system:role:query', 3, 1, 101, '', '#', '', NULL, 0, b'1', b'1', b'1', 'admin', '2021-01-05 17:03:48', '', '2022-04-20 17:03:10', b'0');
INSERT INTO `system_menu` VALUES (1009, '角色新增', 'system:role:create', 3, 2, 101, '', '', '', NULL, 0, b'1', b'1', b'1', 'admin', '2021-01-05 17:03:48', '1', '2022-04-20 17:03:10', b'0');
INSERT INTO `system_menu` VALUES (1010, '角色修改', 'system:role:update', 3, 3, 101, '', '', '', NULL, 0, b'1', b'1', b'1', 'admin', '2021-01-05 17:03:48', '1', '2022-04-20 17:03:10', b'0');
INSERT INTO `system_menu` VALUES (1011, '角色删除', 'system:role:delete', 3, 4, 101, '', '', '', NULL, 0, b'1', b'1', b'1', 'admin', '2021-01-05 17:03:48', '1', '2022-04-20 17:03:10', b'0');
INSERT INTO `system_menu` VALUES (1012, '角色导出', 'system:role:export', 3, 5, 101, '', '#', '', NULL, 0, b'1', b'1', b'1', 'admin', '2021-01-05 17:03:48', '', '2022-04-20 17:03:10', b'0');
INSERT INTO `system_menu` VALUES (1013, '菜单查询', 'system:menu:query', 3, 1, 102, '', '#', '', NULL, 0, b'1', b'1', b'1', 'admin', '2021-01-05 17:03:48', '', '2022-04-20 17:03:10', b'0');
INSERT INTO `system_menu` VALUES (1014, '菜单新增', 'system:menu:create', 3, 2, 102, '', '#', '', NULL, 0, b'1', b'1', b'1', 'admin', '2021-01-05 17:03:48', '', '2022-04-20 17:03:10', b'0');
INSERT INTO `system_menu` VALUES (1015, '菜单修改', 'system:menu:update', 3, 3, 102, '', '#', '', NULL, 0, b'1', b'1', b'1', 'admin', '2021-01-05 17:03:48', '', '2022-04-20 17:03:10', b'0');
INSERT INTO `system_menu` VALUES (1016, '菜单删除', 'system:menu:delete', 3, 4, 102, '', '#', '', NULL, 0, b'1', b'1', b'1', 'admin', '2021-01-05 17:03:48', '', '2022-04-20 17:03:10', b'0');
INSERT INTO `system_menu` VALUES (1017, '部门查询', 'system:dept:query', 3, 1, 103, '', '#', '', NULL, 0, b'1', b'1', b'1', 'admin', '2021-01-05 17:03:48', '', '2022-04-20 17:03:10', b'0');
INSERT INTO `system_menu` VALUES (1018, '部门新增', 'system:dept:create', 3, 2, 103, '', '', '', NULL, 0, b'1', b'1', b'1', 'admin', '2021-01-05 17:03:48', '1', '2022-04-20 17:03:10', b'0');
INSERT INTO `system_menu` VALUES (1019, '部门修改', 'system:dept:update', 3, 3, 103, '', '', '', NULL, 0, b'1', b'1', b'1', 'admin', '2021-01-05 17:03:48', '1', '2022-04-20 17:03:10', b'0');
INSERT INTO `system_menu` VALUES (1020, '部门删除', 'system:dept:delete', 3, 4, 103, '', '', '', NULL, 0, b'1', b'1', b'1', 'admin', '2021-01-05 17:03:48', '1', '2022-04-20 17:03:10', b'0');
INSERT INTO `system_menu` VALUES (1021, '岗位查询', 'system:post:query', 3, 1, 104, '', '#', '', NULL, 0, b'1', b'1', b'1', 'admin', '2021-01-05 17:03:48', '', '2022-04-20 17:03:10', b'0');
INSERT INTO `system_menu` VALUES (1022, '岗位新增', 'system:post:create', 3, 2, 104, '', '', '', NULL, 0, b'1', b'1', b'1', 'admin', '2021-01-05 17:03:48', '1', '2022-04-20 17:03:10', b'0');
INSERT INTO `system_menu` VALUES (1023, '岗位修改', 'system:post:update', 3, 3, 104, '', '', '', NULL, 0, b'1', b'1', b'1', 'admin', '2021-01-05 17:03:48', '1', '2022-04-20 17:03:10', b'0');
INSERT INTO `system_menu` VALUES (1024, '岗位删除', 'system:post:delete', 3, 4, 104, '', '', '', NULL, 0, b'1', b'1', b'1', 'admin', '2021-01-05 17:03:48', '1', '2022-04-20 17:03:10', b'0');
INSERT INTO `system_menu` VALUES (1025, '岗位导出', 'system:post:export', 3, 5, 104, '', '#', '', NULL, 0, b'1', b'1', b'1', 'admin', '2021-01-05 17:03:48', '', '2022-04-20 17:03:10', b'0');
INSERT INTO `system_menu` VALUES (1026, '字典查询', 'system:dict:query', 3, 1, 105, '#', '#', '', NULL, 0, b'1', b'1', b'1', 'admin', '2021-01-05 17:03:48', '', '2022-04-20 17:03:10', b'0');
INSERT INTO `system_menu` VALUES (1027, '字典新增', 'system:dict:create', 3, 2, 105, '', '', '', NULL, 0, b'1', b'1', b'1', 'admin', '2021-01-05 17:03:48', '1', '2022-04-20 17:03:10', b'0');
INSERT INTO `system_menu` VALUES (1028, '字典修改', 'system:dict:update', 3, 3, 105, '', '', '', NULL, 0, b'1', b'1', b'1', 'admin', '2021-01-05 17:03:48', '1', '2022-04-20 17:03:10', b'0');
INSERT INTO `system_menu` VALUES (1029, '字典删除', 'system:dict:delete', 3, 4, 105, '', '', '', NULL, 0, b'1', b'1', b'1', 'admin', '2021-01-05 17:03:48', '1', '2022-04-20 17:03:10', b'0');
INSERT INTO `system_menu` VALUES (1030, '字典导出', 'system:dict:export', 3, 5, 105, '#', '#', '', NULL, 0, b'1', b'1', b'1', 'admin', '2021-01-05 17:03:48', '', '2022-04-20 17:03:10', b'0');
INSERT INTO `system_menu` VALUES (1031, '配置查询', 'infra:config:query', 3, 1, 106, '', '', '', NULL, 0, b'1', b'1', b'1', 'admin', '2021-01-05 17:03:48', '', '2022-04-20 17:03:10', b'0');
INSERT INTO `system_menu` VALUES (1032, '配置新增', 'infra:config:create', 3, 2, 106, '', '', '', NULL, 0, b'1', b'1', b'1', 'admin', '2021-01-05 17:03:48', '1', '2022-04-20 17:03:10', b'0');
INSERT INTO `system_menu` VALUES (1033, '配置修改', 'infra:config:update', 3, 3, 106, '', '', '', NULL, 0, b'1', b'1', b'1', 'admin', '2021-01-05 17:03:48', '1', '2022-04-20 17:03:10', b'0');
INSERT INTO `system_menu` VALUES (1034, '配置删除', 'infra:config:delete', 3, 4, 106, '', '', '', NULL, 0, b'1', b'1', b'1', 'admin', '2021-01-05 17:03:48', '1', '2022-04-20 17:03:10', b'0');
INSERT INTO `system_menu` VALUES (1035, '配置导出', 'infra:config:export', 3, 5, 106, '', '', '', NULL, 0, b'1', b'1', b'1', 'admin', '2021-01-05 17:03:48', '', '2022-04-20 17:03:10', b'0');
INSERT INTO `system_menu` VALUES (1036, '公告查询', 'system:notice:query', 3, 1, 107, '#', '#', '', NULL, 0, b'1', b'1', b'1', 'admin', '2021-01-05 17:03:48', '', '2022-04-20 17:03:10', b'0');
INSERT INTO `system_menu` VALUES (1037, '公告新增', 'system:notice:create', 3, 2, 107, '', '', '', NULL, 0, b'1', b'1', b'1', 'admin', '2021-01-05 17:03:48', '1', '2022-04-20 17:03:10', b'0');
INSERT INTO `system_menu` VALUES (1038, '公告修改', 'system:notice:update', 3, 3, 107, '', '', '', NULL, 0, b'1', b'1', b'1', 'admin', '2021-01-05 17:03:48', '1', '2022-04-20 17:03:10', b'0');
INSERT INTO `system_menu` VALUES (1039, '公告删除', 'system:notice:delete', 3, 4, 107, '', '', '', NULL, 0, b'1', b'1', b'1', 'admin', '2021-01-05 17:03:48', '1', '2022-04-20 17:03:10', b'0');
INSERT INTO `system_menu` VALUES (1040, '操作查询', 'system:operate-log:query', 3, 1, 500, '', '', '', NULL, 0, b'1', b'1', b'1', 'admin', '2021-01-05 17:03:48', '', '2022-04-20 17:03:10', b'0');
INSERT INTO `system_menu` VALUES (1042, '日志导出', 'system:operate-log:export', 3, 2, 500, '', '', '', NULL, 0, b'1', b'1', b'1', 'admin', '2021-01-05 17:03:48', '', '2022-04-20 17:03:10', b'0');
INSERT INTO `system_menu` VALUES (1043, '登录查询', 'system:login-log:query', 3, 1, 501, '#', '#', '', NULL, 0, b'1', b'1', b'1', 'admin', '2021-01-05 17:03:48', '', '2022-04-20 17:03:10', b'0');
INSERT INTO `system_menu` VALUES (1045, '日志导出', 'system:login-log:export', 3, 3, 501, '#', '#', '', NULL, 0, b'1', b'1', b'1', 'admin', '2021-01-05 17:03:48', '', '2022-04-20 17:03:10', b'0');
INSERT INTO `system_menu` VALUES (1046, '令牌列表', 'system:oauth2-token:page', 3, 1, 109, '', '', '', NULL, 0, b'1', b'1', b'1', 'admin', '2021-01-05 17:03:48', '1', '2022-05-09 23:54:42', b'0');
INSERT INTO `system_menu` VALUES (1048, '令牌删除', 'system:oauth2-token:delete', 3, 2, 109, '', '', '', NULL, 0, b'1', b'1', b'1', 'admin', '2021-01-05 17:03:48', '1', '2022-05-09 23:54:53', b'0');
INSERT INTO `system_menu` VALUES (1050, '任务新增', 'infra:job:create', 3, 2, 110, '', '', '', NULL, 0, b'1', b'1', b'1', 'admin', '2021-01-05 17:03:48', '', '2022-04-20 17:03:10', b'0');
INSERT INTO `system_menu` VALUES (1051, '任务修改', 'infra:job:update', 3, 3, 110, '', '', '', NULL, 0, b'1', b'1', b'1', 'admin', '2021-01-05 17:03:48', '', '2022-04-20 17:03:10', b'0');
INSERT INTO `system_menu` VALUES (1052, '任务删除', 'infra:job:delete', 3, 4, 110, '', '', '', NULL, 0, b'1', b'1', b'1', 'admin', '2021-01-05 17:03:48', '', '2022-04-20 17:03:10', b'0');
INSERT INTO `system_menu` VALUES (1053, '状态修改', 'infra:job:update', 3, 5, 110, '', '', '', NULL, 0, b'1', b'1', b'1', 'admin', '2021-01-05 17:03:48', '', '2022-04-20 17:03:10', b'0');
INSERT INTO `system_menu` VALUES (1054, '任务导出', 'infra:job:export', 3, 7, 110, '', '', '', NULL, 0, b'1', b'1', b'1', 'admin', '2021-01-05 17:03:48', '', '2022-04-20 17:03:10', b'0');
INSERT INTO `system_menu` VALUES (1056, '生成修改', 'infra:codegen:update', 3, 2, 115, '', '', '', NULL, 0, b'1', b'1', b'1', 'admin', '2021-01-05 17:03:48', '1', '2022-04-20 17:03:10', b'0');
INSERT INTO `system_menu` VALUES (1057, '生成删除', 'infra:codegen:delete', 3, 3, 115, '', '', '', NULL, 0, b'1', b'1', b'1', 'admin', '2021-01-05 17:03:48', '1', '2022-04-20 17:03:10', b'0');
INSERT INTO `system_menu` VALUES (1058, '导入代码', 'infra:codegen:create', 3, 2, 115, '', '', '', NULL, 0, b'1', b'1', b'1', 'admin', '2021-01-05 17:03:48', '1', '2022-04-20 17:03:10', b'0');
INSERT INTO `system_menu` VALUES (1059, '预览代码', 'infra:codegen:preview', 3, 4, 115, '', '', '', NULL, 0, b'1', b'1', b'1', 'admin', '2021-01-05 17:03:48', '1', '2022-04-20 17:03:10', b'0');
INSERT INTO `system_menu` VALUES (1060, '生成代码', 'infra:codegen:download', 3, 5, 115, '', '', '', NULL, 0, b'1', b'1', b'1', 'admin', '2021-01-05 17:03:48', '1', '2022-04-20 17:03:10', b'0');
INSERT INTO `system_menu` VALUES (1063, '设置角色菜单权限', 'system:permission:assign-role-menu', 3, 6, 101, '', '', '', NULL, 0, b'1', b'1', b'1', '', '2021-01-06 17:53:44', '', '2022-04-20 17:03:10', b'0');
INSERT INTO `system_menu` VALUES (1064, '设置角色数据权限', 'system:permission:assign-role-data-scope', 3, 7, 101, '', '', '', NULL, 0, b'1', b'1', b'1', '', '2021-01-06 17:56:31', '', '2022-04-20 17:03:10', b'0');
INSERT INTO `system_menu` VALUES (1065, '设置用户角色', 'system:permission:assign-user-role', 3, 8, 101, '', '', '', NULL, 0, b'1', b'1', b'1', '', '2021-01-07 10:23:28', '', '2022-04-20 17:03:10', b'0');
INSERT INTO `system_menu` VALUES (1066, '获得 Redis 监控信息', 'infra:redis:get-monitor-info', 3, 1, 113, '', '', '', NULL, 0, b'1', b'1', b'1', '', '2021-01-26 01:02:31', '', '2022-04-20 17:03:10', b'0');
INSERT INTO `system_menu` VALUES (1067, '获得 Redis Key 列表', 'infra:redis:get-key-list', 3, 2, 113, '', '', '', NULL, 0, b'1', b'1', b'1', '', '2021-01-26 01:02:52', '', '2022-04-20 17:03:10', b'0');
INSERT INTO `system_menu` VALUES (1070, '代码生成案例', '', 1, 1, 2, 'demo', 'ep:aim', 'infra/testDemo/index', NULL, 0, b'1', b'1', b'1', '', '2021-02-06 12:42:49', '1', '2023-11-15 23:45:53', b'0');
INSERT INTO `system_menu` VALUES (1075, '任务触发', 'infra:job:trigger', 3, 8, 110, '', '', '', NULL, 0, b'1', b'1', b'1', '', '2021-02-07 13:03:10', '', '2022-04-20 17:03:10', b'0');
INSERT INTO `system_menu` VALUES (1077, '链路追踪', '', 2, 4, 2740, 'skywalking', 'fa:eye', 'infra/skywalking/index', 'InfraSkyWalking', 0, b'1', b'1', b'1', '', '2021-02-08 20:41:31', '1', '2024-04-23 00:07:15', b'0');
INSERT INTO `system_menu` VALUES (1078, '访问日志', '', 2, 1, 1083, 'api-access-log', 'ep:place', 'infra/apiAccessLog/index', 'InfraApiAccessLog', 0, b'1', b'1', b'1', '', '2021-02-26 01:32:59', '1', '2024-02-29 08:54:57', b'0');
INSERT INTO `system_menu` VALUES (1082, '日志导出', 'infra:api-access-log:export', 3, 2, 1078, '', '', '', NULL, 0, b'1', b'1', b'1', '', '2021-02-26 01:32:59', '1', '2022-04-20 17:03:10', b'0');
INSERT INTO `system_menu` VALUES (1083, 'API 日志', '', 2, 4, 2, 'log', 'fa:tasks', NULL, NULL, 0, b'1', b'1', b'1', '', '2021-02-26 02:18:24', '1', '2024-04-22 23:58:36', b'0');
INSERT INTO `system_menu` VALUES (1084, '错误日志', 'infra:api-error-log:query', 2, 2, 1083, 'api-error-log', 'ep:warning-filled', 'infra/apiErrorLog/index', 'InfraApiErrorLog', 0, b'1', b'1', b'1', '', '2021-02-26 07:53:20', '1', '2024-02-29 08:55:17', b'0');
INSERT INTO `system_menu` VALUES (1085, '日志处理', 'infra:api-error-log:update-status', 3, 2, 1084, '', '', '', NULL, 0, b'1', b'1', b'1', '', '2021-02-26 07:53:20', '1', '2022-04-20 17:03:10', b'0');
INSERT INTO `system_menu` VALUES (1086, '日志导出', 'infra:api-error-log:export', 3, 3, 1084, '', '', '', NULL, 0, b'1', b'1', b'1', '', '2021-02-26 07:53:20', '1', '2022-04-20 17:03:10', b'0');
INSERT INTO `system_menu` VALUES (1087, '任务查询', 'infra:job:query', 3, 1, 110, '', '', '', NULL, 0, b'1', b'1', b'1', '1', '2021-03-10 01:26:19', '1', '2022-04-20 17:03:10', b'0');
INSERT INTO `system_menu` VALUES (1088, '日志查询', 'infra:api-access-log:query', 3, 1, 1078, '', '', '', NULL, 0, b'1', b'1', b'1', '1', '2021-03-10 01:28:04', '1', '2022-04-20 17:03:10', b'0');
INSERT INTO `system_menu` VALUES (1089, '日志查询', 'infra:api-error-log:query', 3, 1, 1084, '', '', '', NULL, 0, b'1', b'1', b'1', '1', '2021-03-10 01:29:09', '1', '2022-04-20 17:03:10', b'0');
INSERT INTO `system_menu` VALUES (1090, '文件列表', '', 2, 5, 1243, 'file', 'ep:upload-filled', 'infra/file/index', 'InfraFile', 0, b'1', b'1', b'1', '', '2021-03-12 20:16:20', '1', '2024-02-29 08:53:02', b'0');
INSERT INTO `system_menu` VALUES (1091, '文件查询', 'infra:file:query', 3, 1, 1090, '', '', '', NULL, 0, b'1', b'1', b'1', '', '2021-03-12 20:16:20', '', '2022-04-20 17:03:10', b'0');
INSERT INTO `system_menu` VALUES (1092, '文件删除', 'infra:file:delete', 3, 4, 1090, '', '', '', NULL, 0, b'1', b'1', b'1', '', '2021-03-12 20:16:20', '', '2022-04-20 17:03:10', b'0');
INSERT INTO `system_menu` VALUES (1093, '短信管理', '', 1, 1, 2739, 'sms', 'ep:message', NULL, NULL, 0, b'1', b'1', b'1', '1', '2021-04-05 01:10:16', '1', '2024-04-22 23:56:03', b'0');
INSERT INTO `system_menu` VALUES (1094, '短信渠道', '', 2, 0, 1093, 'sms-channel', 'fa:stack-exchange', 'system/sms/channel/index', 'SystemSmsChannel', 0, b'1', b'1', b'1', '', '2021-04-01 11:07:15', '1', '2024-02-29 01:15:54', b'0');
INSERT INTO `system_menu` VALUES (1095, '短信渠道查询', 'system:sms-channel:query', 3, 1, 1094, '', '', '', NULL, 0, b'1', b'1', b'1', '', '2021-04-01 11:07:15', '', '2022-04-20 17:03:10', b'0');
INSERT INTO `system_menu` VALUES (1096, '短信渠道创建', 'system:sms-channel:create', 3, 2, 1094, '', '', '', NULL, 0, b'1', b'1', b'1', '', '2021-04-01 11:07:15', '', '2022-04-20 17:03:10', b'0');
INSERT INTO `system_menu` VALUES (1097, '短信渠道更新', 'system:sms-channel:update', 3, 3, 1094, '', '', '', NULL, 0, b'1', b'1', b'1', '', '2021-04-01 11:07:15', '', '2022-04-20 17:03:10', b'0');
INSERT INTO `system_menu` VALUES (1098, '短信渠道删除', 'system:sms-channel:delete', 3, 4, 1094, '', '', '', NULL, 0, b'1', b'1', b'1', '', '2021-04-01 11:07:15', '', '2022-04-20 17:03:10', b'0');
INSERT INTO `system_menu` VALUES (1100, '短信模板', '', 2, 1, 1093, 'sms-template', 'ep:connection', 'system/sms/template/index', 'SystemSmsTemplate', 0, b'1', b'1', b'1', '', '2021-04-01 17:35:17', '1', '2024-02-29 01:16:18', b'0');
INSERT INTO `system_menu` VALUES (1101, '短信模板查询', 'system:sms-template:query', 3, 1, 1100, '', '', '', NULL, 0, b'1', b'1', b'1', '', '2021-04-01 17:35:17', '', '2022-04-20 17:03:10', b'0');
INSERT INTO `system_menu` VALUES (1102, '短信模板创建', 'system:sms-template:create', 3, 2, 1100, '', '', '', NULL, 0, b'1', b'1', b'1', '', '2021-04-01 17:35:17', '', '2022-04-20 17:03:10', b'0');
INSERT INTO `system_menu` VALUES (1103, '短信模板更新', 'system:sms-template:update', 3, 3, 1100, '', '', '', NULL, 0, b'1', b'1', b'1', '', '2021-04-01 17:35:17', '', '2022-04-20 17:03:10', b'0');
INSERT INTO `system_menu` VALUES (1104, '短信模板删除', 'system:sms-template:delete', 3, 4, 1100, '', '', '', NULL, 0, b'1', b'1', b'1', '', '2021-04-01 17:35:17', '', '2022-04-20 17:03:10', b'0');
INSERT INTO `system_menu` VALUES (1105, '短信模板导出', 'system:sms-template:export', 3, 5, 1100, '', '', '', NULL, 0, b'1', b'1', b'1', '', '2021-04-01 17:35:17', '', '2022-04-20 17:03:10', b'0');
INSERT INTO `system_menu` VALUES (1106, '发送测试短信', 'system:sms-template:send-sms', 3, 6, 1100, '', '', '', NULL, 0, b'1', b'1', b'1', '1', '2021-04-11 00:26:40', '1', '2022-04-20 17:03:10', b'0');
INSERT INTO `system_menu` VALUES (1107, '短信日志', '', 2, 2, 1093, 'sms-log', 'fa:edit', 'system/sms/log/index', 'SystemSmsLog', 0, b'1', b'1', b'1', '', '2021-04-11 08:37:05', '1', '2024-02-29 08:49:02', b'0');
INSERT INTO `system_menu` VALUES (1108, '短信日志查询', 'system:sms-log:query', 3, 1, 1107, '', '', '', NULL, 0, b'1', b'1', b'1', '', '2021-04-11 08:37:05', '', '2022-04-20 17:03:10', b'0');
INSERT INTO `system_menu` VALUES (1109, '短信日志导出', 'system:sms-log:export', 3, 5, 1107, '', '', '', NULL, 0, b'1', b'1', b'1', '', '2021-04-11 08:37:05', '', '2022-04-20 17:03:10', b'0');
INSERT INTO `system_menu` VALUES (1138, '租户列表', '', 2, 0, 1224, 'list', 'ep:house', 'system/tenant/index', 'SystemTenant', 0, b'1', b'1', b'1', '', '2021-12-14 12:31:43', '1', '2024-02-29 01:01:10', b'0');
INSERT INTO `system_menu` VALUES (1139, '租户查询', 'system:tenant:query', 3, 1, 1138, '', '', '', NULL, 0, b'1', b'1', b'1', '', '2021-12-14 12:31:44', '', '2022-04-20 17:03:10', b'0');
INSERT INTO `system_menu` VALUES (1140, '租户创建', 'system:tenant:create', 3, 2, 1138, '', '', '', NULL, 0, b'1', b'1', b'1', '', '2021-12-14 12:31:44', '', '2022-04-20 17:03:10', b'0');
INSERT INTO `system_menu` VALUES (1141, '租户更新', 'system:tenant:update', 3, 3, 1138, '', '', '', NULL, 0, b'1', b'1', b'1', '', '2021-12-14 12:31:44', '', '2022-04-20 17:03:10', b'0');
INSERT INTO `system_menu` VALUES (1142, '租户删除', 'system:tenant:delete', 3, 4, 1138, '', '', '', NULL, 0, b'1', b'1', b'1', '', '2021-12-14 12:31:44', '', '2022-04-20 17:03:10', b'0');
INSERT INTO `system_menu` VALUES (1143, '租户导出', 'system:tenant:export', 3, 5, 1138, '', '', '', NULL, 0, b'1', b'1', b'1', '', '2021-12-14 12:31:44', '', '2022-04-20 17:03:10', b'0');
INSERT INTO `system_menu` VALUES (1224, '租户管理', '', 2, 0, 1, 'tenant', 'fa-solid:house-user', NULL, NULL, 0, b'1', b'1', b'1', '1', '2022-02-20 01:41:13', '1', '2024-02-29 00:59:29', b'0');
INSERT INTO `system_menu` VALUES (1225, '租户套餐', '', 2, 0, 1224, 'package', 'fa:bars', 'system/tenantPackage/index', 'SystemTenantPackage', 0, b'1', b'1', b'1', '', '2022-02-19 17:44:06', '1', '2024-02-29 01:01:43', b'0');
INSERT INTO `system_menu` VALUES (1226, '租户套餐查询', 'system:tenant-package:query', 3, 1, 1225, '', '', '', NULL, 0, b'1', b'1', b'1', '', '2022-02-19 17:44:06', '', '2022-04-20 17:03:10', b'0');
INSERT INTO `system_menu` VALUES (1227, '租户套餐创建', 'system:tenant-package:create', 3, 2, 1225, '', '', '', NULL, 0, b'1', b'1', b'1', '', '2022-02-19 17:44:06', '', '2022-04-20 17:03:10', b'0');
INSERT INTO `system_menu` VALUES (1228, '租户套餐更新', 'system:tenant-package:update', 3, 3, 1225, '', '', '', NULL, 0, b'1', b'1', b'1', '', '2022-02-19 17:44:06', '', '2022-04-20 17:03:10', b'0');
INSERT INTO `system_menu` VALUES (1229, '租户套餐删除', 'system:tenant-package:delete', 3, 4, 1225, '', '', '', NULL, 0, b'1', b'1', b'1', '', '2022-02-19 17:44:06', '', '2022-04-20 17:03:10', b'0');
INSERT INTO `system_menu` VALUES (1237, '文件配置', '', 2, 0, 1243, 'file-config', 'fa-solid:file-signature', 'infra/fileConfig/index', 'InfraFileConfig', 0, b'1', b'1', b'1', '', '2022-03-15 14:35:28', '1', '2024-02-29 08:52:54', b'0');
INSERT INTO `system_menu` VALUES (1238, '文件配置查询', 'infra:file-config:query', 3, 1, 1237, '', '', '', NULL, 0, b'1', b'1', b'1', '', '2022-03-15 14:35:28', '', '2022-04-20 17:03:10', b'0');
INSERT INTO `system_menu` VALUES (1239, '文件配置创建', 'infra:file-config:create', 3, 2, 1237, '', '', '', NULL, 0, b'1', b'1', b'1', '', '2022-03-15 14:35:28', '', '2022-04-20 17:03:10', b'0');
INSERT INTO `system_menu` VALUES (1240, '文件配置更新', 'infra:file-config:update', 3, 3, 1237, '', '', '', NULL, 0, b'1', b'1', b'1', '', '2022-03-15 14:35:28', '', '2022-04-20 17:03:10', b'0');
INSERT INTO `system_menu` VALUES (1241, '文件配置删除', 'infra:file-config:delete', 3, 4, 1237, '', '', '', NULL, 0, b'1', b'1', b'1', '', '2022-03-15 14:35:28', '', '2022-04-20 17:03:10', b'0');
INSERT INTO `system_menu` VALUES (1242, '文件配置导出', 'infra:file-config:export', 3, 5, 1237, '', '', '', NULL, 0, b'1', b'1', b'1', '', '2022-03-15 14:35:28', '', '2022-04-20 17:03:10', b'0');
INSERT INTO `system_menu` VALUES (1243, '文件管理', '', 2, 6, 2, 'file', 'ep:files', NULL, '', 0, b'1', b'1', b'1', '1', '2022-03-16 23:47:40', '1', '2024-04-23 00:02:11', b'0');
INSERT INTO `system_menu` VALUES (1255, '数据源配置', '', 2, 1, 2, 'data-source-config', 'ep:data-analysis', 'infra/dataSourceConfig/index', 'InfraDataSourceConfig', 0, b'1', b'1', b'1', '', '2022-04-27 14:37:32', '1', '2024-02-29 08:51:25', b'0');
INSERT INTO `system_menu` VALUES (1256, '数据源配置查询', 'infra:data-source-config:query', 3, 1, 1255, '', '', '', NULL, 0, b'1', b'1', b'1', '', '2022-04-27 14:37:32', '', '2022-04-27 14:37:32', b'0');
INSERT INTO `system_menu` VALUES (1257, '数据源配置创建', 'infra:data-source-config:create', 3, 2, 1255, '', '', '', NULL, 0, b'1', b'1', b'1', '', '2022-04-27 14:37:32', '', '2022-04-27 14:37:32', b'0');
INSERT INTO `system_menu` VALUES (1258, '数据源配置更新', 'infra:data-source-config:update', 3, 3, 1255, '', '', '', NULL, 0, b'1', b'1', b'1', '', '2022-04-27 14:37:32', '', '2022-04-27 14:37:32', b'0');
INSERT INTO `system_menu` VALUES (1259, '数据源配置删除', 'infra:data-source-config:delete', 3, 4, 1255, '', '', '', NULL, 0, b'1', b'1', b'1', '', '2022-04-27 14:37:32', '', '2022-04-27 14:37:32', b'0');
INSERT INTO `system_menu` VALUES (1260, '数据源配置导出', 'infra:data-source-config:export', 3, 5, 1255, '', '', '', NULL, 0, b'1', b'1', b'1', '', '2022-04-27 14:37:32', '', '2022-04-27 14:37:32', b'0');
INSERT INTO `system_menu` VALUES (1261, 'OAuth 2.0', '', 2, 10, 1, 'oauth2', 'fa:dashcube', NULL, NULL, 0, b'1', b'1', b'1', '1', '2022-05-09 23:38:17', '1', '2024-02-29 01:12:08', b'0');
INSERT INTO `system_menu` VALUES (1263, '应用管理', '', 2, 0, 1261, 'oauth2/application', 'fa:hdd-o', 'system/oauth2/client/index', 'SystemOAuth2Client', 0, b'1', b'1', b'1', '', '2022-05-10 16:26:33', '1', '2024-02-29 01:13:14', b'0');
INSERT INTO `system_menu` VALUES (1264, '客户端查询', 'system:oauth2-client:query', 3, 1, 1263, '', '', '', NULL, 0, b'1', b'1', b'1', '', '2022-05-10 16:26:33', '1', '2022-05-11 00:31:06', b'0');
INSERT INTO `system_menu` VALUES (1265, '客户端创建', 'system:oauth2-client:create', 3, 2, 1263, '', '', '', NULL, 0, b'1', b'1', b'1', '', '2022-05-10 16:26:33', '1', '2022-05-11 00:31:23', b'0');
INSERT INTO `system_menu` VALUES (1266, '客户端更新', 'system:oauth2-client:update', 3, 3, 1263, '', '', '', NULL, 0, b'1', b'1', b'1', '', '2022-05-10 16:26:33', '1', '2022-05-11 00:31:28', b'0');
INSERT INTO `system_menu` VALUES (1267, '客户端删除', 'system:oauth2-client:delete', 3, 4, 1263, '', '', '', NULL, 0, b'1', b'1', b'1', '', '2022-05-10 16:26:33', '1', '2022-05-11 00:31:33', b'0');
INSERT INTO `system_menu` VALUES (2083, '地区管理', '', 2, 14, 1, 'area', 'fa:map-marker', 'system/area/index', 'SystemArea', 0, b'1', b'1', b'1', '1', '2022-12-23 17:35:05', '1', '2024-02-29 08:50:28', b'0');
INSERT INTO `system_menu` VALUES (2130, '邮箱管理', '', 2, 2, 2739, 'mail', 'fa-solid:mail-bulk', NULL, NULL, 0, b'1', b'1', b'1', '1', '2023-01-25 17:27:44', '1', '2024-04-22 23:56:08', b'0');
INSERT INTO `system_menu` VALUES (2131, '邮箱账号', '', 2, 0, 2130, 'mail-account', 'fa:universal-access', 'system/mail/account/index', 'SystemMailAccount', 0, b'1', b'1', b'1', '', '2023-01-25 09:33:48', '1', '2024-02-29 08:48:16', b'0');
INSERT INTO `system_menu` VALUES (2132, '账号查询', 'system:mail-account:query', 3, 1, 2131, '', '', '', NULL, 0, b'1', b'1', b'1', '', '2023-01-25 09:33:48', '', '2023-01-25 09:33:48', b'0');
INSERT INTO `system_menu` VALUES (2133, '账号创建', 'system:mail-account:create', 3, 2, 2131, '', '', '', NULL, 0, b'1', b'1', b'1', '', '2023-01-25 09:33:48', '', '2023-01-25 09:33:48', b'0');
INSERT INTO `system_menu` VALUES (2134, '账号更新', 'system:mail-account:update', 3, 3, 2131, '', '', '', NULL, 0, b'1', b'1', b'1', '', '2023-01-25 09:33:48', '', '2023-01-25 09:33:48', b'0');
INSERT INTO `system_menu` VALUES (2135, '账号删除', 'system:mail-account:delete', 3, 4, 2131, '', '', '', NULL, 0, b'1', b'1', b'1', '', '2023-01-25 09:33:48', '', '2023-01-25 09:33:48', b'0');
INSERT INTO `system_menu` VALUES (2136, '邮件模版', '', 2, 0, 2130, 'mail-template', 'fa:tag', 'system/mail/template/index', 'SystemMailTemplate', 0, b'1', b'1', b'1', '', '2023-01-25 12:05:31', '1', '2024-02-29 08:48:41', b'0');
INSERT INTO `system_menu` VALUES (2137, '模版查询', 'system:mail-template:query', 3, 1, 2136, '', '', '', NULL, 0, b'1', b'1', b'1', '', '2023-01-25 12:05:31', '', '2023-01-25 12:05:31', b'0');
INSERT INTO `system_menu` VALUES (2138, '模版创建', 'system:mail-template:create', 3, 2, 2136, '', '', '', NULL, 0, b'1', b'1', b'1', '', '2023-01-25 12:05:31', '', '2023-01-25 12:05:31', b'0');
INSERT INTO `system_menu` VALUES (2139, '模版更新', 'system:mail-template:update', 3, 3, 2136, '', '', '', NULL, 0, b'1', b'1', b'1', '', '2023-01-25 12:05:31', '', '2023-01-25 12:05:31', b'0');
INSERT INTO `system_menu` VALUES (2140, '模版删除', 'system:mail-template:delete', 3, 4, 2136, '', '', '', NULL, 0, b'1', b'1', b'1', '', '2023-01-25 12:05:31', '', '2023-01-25 12:05:31', b'0');
INSERT INTO `system_menu` VALUES (2141, '邮件记录', '', 2, 0, 2130, 'mail-log', 'fa:edit', 'system/mail/log/index', 'SystemMailLog', 0, b'1', b'1', b'1', '', '2023-01-26 02:16:50', '1', '2024-02-29 08:48:51', b'0');
INSERT INTO `system_menu` VALUES (2142, '日志查询', 'system:mail-log:query', 3, 1, 2141, '', '', '', NULL, 0, b'1', b'1', b'1', '', '2023-01-26 02:16:50', '', '2023-01-26 02:16:50', b'0');
INSERT INTO `system_menu` VALUES (2143, '发送测试邮件', 'system:mail-template:send-mail', 3, 5, 2136, '', '', '', NULL, 0, b'1', b'1', b'1', '1', '2023-01-26 23:29:15', '1', '2023-01-26 23:29:15', b'0');
INSERT INTO `system_menu` VALUES (2144, '站内信管理', '', 1, 3, 2739, 'notify', 'ep:message-box', NULL, NULL, 0, b'1', b'1', b'1', '1', '2023-01-28 10:25:18', '1', '2024-04-22 23:56:12', b'0');
INSERT INTO `system_menu` VALUES (2145, '模板管理', '', 2, 0, 2144, 'notify-template', 'fa:archive', 'system/notify/template/index', 'SystemNotifyTemplate', 0, b'1', b'1', b'1', '', '2023-01-28 02:26:42', '1', '2024-02-29 08:49:14', b'0');
INSERT INTO `system_menu` VALUES (2146, '站内信模板查询', 'system:notify-template:query', 3, 1, 2145, '', '', '', NULL, 0, b'1', b'1', b'1', '', '2023-01-28 02:26:42', '', '2023-01-28 02:26:42', b'0');
INSERT INTO `system_menu` VALUES (2147, '站内信模板创建', 'system:notify-template:create', 3, 2, 2145, '', '', '', NULL, 0, b'1', b'1', b'1', '', '2023-01-28 02:26:42', '', '2023-01-28 02:26:42', b'0');
INSERT INTO `system_menu` VALUES (2148, '站内信模板更新', 'system:notify-template:update', 3, 3, 2145, '', '', '', NULL, 0, b'1', b'1', b'1', '', '2023-01-28 02:26:42', '', '2023-01-28 02:26:42', b'0');
INSERT INTO `system_menu` VALUES (2149, '站内信模板删除', 'system:notify-template:delete', 3, 4, 2145, '', '', '', NULL, 0, b'1', b'1', b'1', '', '2023-01-28 02:26:42', '', '2023-01-28 02:26:42', b'0');
INSERT INTO `system_menu` VALUES (2150, '发送测试站内信', 'system:notify-template:send-notify', 3, 5, 2145, '', '', '', NULL, 0, b'1', b'1', b'1', '1', '2023-01-28 10:54:43', '1', '2023-01-28 10:54:43', b'0');
INSERT INTO `system_menu` VALUES (2151, '消息记录', '', 2, 0, 2144, 'notify-message', 'fa:edit', 'system/notify/message/index', 'SystemNotifyMessage', 0, b'1', b'1', b'1', '', '2023-01-28 04:28:22', '1', '2024-02-29 08:49:22', b'0');
INSERT INTO `system_menu` VALUES (2152, '站内信消息查询', 'system:notify-message:query', 3, 1, 2151, '', '', '', NULL, 0, b'1', b'1', b'1', '', '2023-01-28 04:28:22', '', '2023-01-28 04:28:22', b'0');
INSERT INTO `system_menu` VALUES (2447, '三方登录', '', 1, 10, 1, 'social', 'fa:rocket', '', '', 0, b'1', b'1', b'1', '1', '2023-11-04 12:12:01', '1', '2024-02-29 01:14:05', b'0');
INSERT INTO `system_menu` VALUES (2448, '三方应用', '', 2, 1, 2447, 'client', 'ep:set-up', 'views/system/social/client/index.vue', 'SocialClient', 0, b'1', b'1', b'1', '1', '2023-11-04 12:17:19', '1', '2023-11-04 12:17:19', b'0');
INSERT INTO `system_menu` VALUES (2449, '三方应用查询', 'system:social-client:query', 3, 1, 2448, '', '', '', '', 0, b'1', b'1', b'1', '1', '2023-11-04 12:43:12', '1', '2023-11-04 12:43:33', b'0');
INSERT INTO `system_menu` VALUES (2450, '三方应用创建', 'system:social-client:create', 3, 2, 2448, '', '', '', '', 0, b'1', b'1', b'1', '1', '2023-11-04 12:43:58', '1', '2023-11-04 12:43:58', b'0');
INSERT INTO `system_menu` VALUES (2451, '三方应用更新', 'system:social-client:update', 3, 3, 2448, '', '', '', '', 0, b'1', b'1', b'1', '1', '2023-11-04 12:44:27', '1', '2023-11-04 12:44:27', b'0');
INSERT INTO `system_menu` VALUES (2452, '三方应用删除', 'system:social-client:delete', 3, 4, 2448, '', '', '', '', 0, b'1', b'1', b'1', '1', '2023-11-04 12:44:43', '1', '2023-11-04 12:44:43', b'0');
INSERT INTO `system_menu` VALUES (2453, '三方用户', 'system:social-user:query', 2, 2, 2447, 'user', 'ep:avatar', 'system/social/user/index.vue', 'SocialUser', 0, b'1', b'1', b'1', '1', '2023-11-04 14:01:05', '1', '2023-11-04 14:01:05', b'0');
INSERT INTO `system_menu` VALUES (2472, '主子表（内嵌）', '', 2, 12, 1070, 'demo03-inner', 'fa:power-off', 'infra/demo/demo03/inner/index', 'Demo03StudentInner', 0, b'1', b'1', b'1', '', '2023-11-13 04:39:51', '1', '2023-11-16 23:53:46', b'0');
INSERT INTO `system_menu` VALUES (2478, '单表（增删改查）', '', 2, 1, 1070, 'demo01-contact', 'ep:bicycle', 'infra/demo/demo01/index', 'Demo01Contact', 0, b'1', b'1', b'1', '', '2023-11-15 14:42:30', '1', '2023-11-16 20:34:40', b'0');
INSERT INTO `system_menu` VALUES (2479, '示例联系人查询', 'infra:demo01-contact:query', 3, 1, 2478, '', '', '', NULL, 0, b'1', b'1', b'1', '', '2023-11-15 14:42:30', '', '2023-11-15 14:42:30', b'0');
INSERT INTO `system_menu` VALUES (2480, '示例联系人创建', 'infra:demo01-contact:create', 3, 2, 2478, '', '', '', NULL, 0, b'1', b'1', b'1', '', '2023-11-15 14:42:30', '', '2023-11-15 14:42:30', b'0');
INSERT INTO `system_menu` VALUES (2481, '示例联系人更新', 'infra:demo01-contact:update', 3, 3, 2478, '', '', '', NULL, 0, b'1', b'1', b'1', '', '2023-11-15 14:42:30', '', '2023-11-15 14:42:30', b'0');
INSERT INTO `system_menu` VALUES (2482, '示例联系人删除', 'infra:demo01-contact:delete', 3, 4, 2478, '', '', '', NULL, 0, b'1', b'1', b'1', '', '2023-11-15 14:42:30', '', '2023-11-15 14:42:30', b'0');
INSERT INTO `system_menu` VALUES (2483, '示例联系人导出', 'infra:demo01-contact:export', 3, 5, 2478, '', '', '', NULL, 0, b'1', b'1', b'1', '', '2023-11-15 14:42:30', '', '2023-11-15 14:42:30', b'0');
INSERT INTO `system_menu` VALUES (2484, '树表（增删改查）', '', 2, 2, 1070, 'demo02-category', 'fa:tree', 'infra/demo/demo02/index', 'Demo02Category', 0, b'1', b'1', b'1', '', '2023-11-16 12:18:27', '1', '2023-11-16 20:35:01', b'0');
INSERT INTO `system_menu` VALUES (2485, '示例分类查询', 'infra:demo02-category:query', 3, 1, 2484, '', '', '', NULL, 0, b'1', b'1', b'1', '', '2023-11-16 12:18:27', '', '2023-11-16 12:18:27', b'0');
INSERT INTO `system_menu` VALUES (2486, '示例分类创建', 'infra:demo02-category:create', 3, 2, 2484, '', '', '', NULL, 0, b'1', b'1', b'1', '', '2023-11-16 12:18:27', '', '2023-11-16 12:18:27', b'0');
INSERT INTO `system_menu` VALUES (2487, '示例分类更新', 'infra:demo02-category:update', 3, 3, 2484, '', '', '', NULL, 0, b'1', b'1', b'1', '', '2023-11-16 12:18:27', '', '2023-11-16 12:18:27', b'0');
INSERT INTO `system_menu` VALUES (2488, '示例分类删除', 'infra:demo02-category:delete', 3, 4, 2484, '', '', '', NULL, 0, b'1', b'1', b'1', '', '2023-11-16 12:18:27', '', '2023-11-16 12:18:27', b'0');
INSERT INTO `system_menu` VALUES (2489, '示例分类导出', 'infra:demo02-category:export', 3, 5, 2484, '', '', '', NULL, 0, b'1', b'1', b'1', '', '2023-11-16 12:18:27', '', '2023-11-16 12:18:27', b'0');
INSERT INTO `system_menu` VALUES (2490, '主子表（标准）', '', 2, 10, 1070, 'demo03-normal', 'fa:battery-3', 'infra/demo/demo03/normal/index', 'Demo03StudentNormal', 0, b'1', b'1', b'1', '', '2023-11-16 12:53:37', '1', '2023-11-16 23:10:03', b'0');
INSERT INTO `system_menu` VALUES (2491, '学生查询', 'infra:demo03-student:query', 3, 1, 2490, '', '', '', NULL, 0, b'1', b'1', b'1', '', '2023-11-16 12:53:37', '', '2023-11-16 12:53:37', b'0');
INSERT INTO `system_menu` VALUES (2492, '学生创建', 'infra:demo03-student:create', 3, 2, 2490, '', '', '', NULL, 0, b'1', b'1', b'1', '', '2023-11-16 12:53:37', '', '2023-11-16 12:53:37', b'0');
INSERT INTO `system_menu` VALUES (2493, '学生更新', 'infra:demo03-student:update', 3, 3, 2490, '', '', '', NULL, 0, b'1', b'1', b'1', '', '2023-11-16 12:53:37', '', '2023-11-16 12:53:37', b'0');
INSERT INTO `system_menu` VALUES (2494, '学生删除', 'infra:demo03-student:delete', 3, 4, 2490, '', '', '', NULL, 0, b'1', b'1', b'1', '', '2023-11-16 12:53:37', '', '2023-11-16 12:53:37', b'0');
INSERT INTO `system_menu` VALUES (2495, '学生导出', 'infra:demo03-student:export', 3, 5, 2490, '', '', '', NULL, 0, b'1', b'1', b'1', '', '2023-11-16 12:53:37', '', '2023-11-16 12:53:37', b'0');
INSERT INTO `system_menu` VALUES (2497, '主子表（ERP）', '', 2, 11, 1070, 'demo03-erp', 'ep:calendar', 'infra/demo/demo03/erp/index', 'Demo03StudentERP', 0, b'1', b'1', b'1', '', '2023-11-16 15:50:59', '1', '2023-11-17 13:19:56', b'0');
INSERT INTO `system_menu` VALUES (2525, 'WebSocket', '', 2, 5, 2, 'websocket', 'ep:connection', 'infra/webSocket/index', 'InfraWebSocket', 0, b'1', b'1', b'1', '1', '2023-11-23 19:41:55', '1', '2024-04-23 00:02:00', b'0');
INSERT INTO `system_menu` VALUES (2739, '消息中心', '', 1, 7, 1, 'messages', 'ep:chat-dot-round', '', '', 0, b'1', b'1', b'1', '1', '2024-04-22 23:54:30', '1', '2024-04-23 09:36:35', b'0');
INSERT INTO `system_menu` VALUES (2740, '监控中心', '', 1, 10, 2, 'monitors', 'ep:monitor', '', '', 0, b'1', b'1', b'1', '1', '2024-04-23 00:04:44', '1', '2024-04-23 00:04:44', b'0');

-- ----------------------------
-- Table structure for system_notice
-- ----------------------------
DROP TABLE IF EXISTS `system_notice`;
CREATE TABLE `system_notice`  (
  `id` bigint(0) NOT NULL AUTO_INCREMENT COMMENT '公告ID',
  `title` varchar(50) CHARACTER SET utf8mb4 COLLATE utf8mb4_unicode_ci NOT NULL COMMENT '公告标题',
  `content` text CHARACTER SET utf8mb4 COLLATE utf8mb4_unicode_ci NOT NULL COMMENT '公告内容',
  `type` tinyint(0) NOT NULL COMMENT '公告类型（1通知 2公告）',
  `status` tinyint(0) NOT NULL DEFAULT 0 COMMENT '公告状态（0正常 1关闭）',
  `creator` varchar(64) CHARACTER SET utf8mb4 COLLATE utf8mb4_unicode_ci NULL DEFAULT '' COMMENT '创建者',
  `create_time` datetime(0) NOT NULL DEFAULT CURRENT_TIMESTAMP(0) COMMENT '创建时间',
  `updater` varchar(64) CHARACTER SET utf8mb4 COLLATE utf8mb4_unicode_ci NULL DEFAULT '' COMMENT '更新者',
  `update_time` datetime(0) NOT NULL DEFAULT CURRENT_TIMESTAMP(0) ON UPDATE CURRENT_TIMESTAMP(0) COMMENT '更新时间',
  `deleted` bit(1) NOT NULL DEFAULT b'0' COMMENT '是否删除',
  `tenant_id` bigint(0) NOT NULL DEFAULT 0 COMMENT '租户编号',
  PRIMARY KEY (`id`) USING BTREE
) ENGINE = InnoDB AUTO_INCREMENT = 5 CHARACTER SET = utf8mb4 COLLATE = utf8mb4_unicode_ci COMMENT = '通知公告表' ROW_FORMAT = Dynamic;

-- ----------------------------
-- Records of system_notice
-- ----------------------------
INSERT INTO `system_notice` VALUES (1, '芋道的公众', '<p>新版本内容133</p>', 1, 0, 'admin', '2021-01-05 17:03:48', '1', '2022-05-04 21:00:20', b'0', 1);
INSERT INTO `system_notice` VALUES (2, '维护通知：2018-07-01 系统凌晨维护', '<p><img src=\"http://test.yudao.iocoder.cn/b7cb3cf49b4b3258bf7309a09dd2f4e5.jpg\" alt=\"\" data-href=\"\" style=\"\"/>11112222</p>', 2, 1, 'admin', '2021-01-05 17:03:48', '1', '2023-12-02 20:07:26', b'0', 1);
INSERT INTO `system_notice` VALUES (4, '我是测试标题', '<p>哈哈哈哈123</p>', 1, 0, '110', '2022-02-22 01:01:25', '110', '2022-02-22 01:01:46', b'0', 121);

-- ----------------------------
-- Table structure for system_notify_message
-- ----------------------------
DROP TABLE IF EXISTS `system_notify_message`;
CREATE TABLE `system_notify_message`  (
  `id` bigint(0) NOT NULL AUTO_INCREMENT COMMENT '用户ID',
  `user_id` bigint(0) NOT NULL COMMENT '用户id',
  `user_type` tinyint(0) NOT NULL COMMENT '用户类型',
  `template_id` bigint(0) NOT NULL COMMENT '模版编号',
  `template_code` varchar(64) CHARACTER SET utf8mb4 COLLATE utf8mb4_unicode_ci NOT NULL COMMENT '模板编码',
  `template_nickname` varchar(63) CHARACTER SET utf8mb4 COLLATE utf8mb4_unicode_ci NOT NULL COMMENT '模版发送人名称',
  `template_content` varchar(1024) CHARACTER SET utf8mb4 COLLATE utf8mb4_unicode_ci NOT NULL COMMENT '模版内容',
  `template_type` int(0) NOT NULL COMMENT '模版类型',
  `template_params` varchar(255) CHARACTER SET utf8mb4 COLLATE utf8mb4_unicode_ci NOT NULL COMMENT '模版参数',
  `read_status` bit(1) NOT NULL COMMENT '是否已读',
  `read_time` datetime(0) NULL DEFAULT NULL COMMENT '阅读时间',
  `creator` varchar(64) CHARACTER SET utf8mb4 COLLATE utf8mb4_unicode_ci NULL DEFAULT '' COMMENT '创建者',
  `create_time` datetime(0) NOT NULL DEFAULT CURRENT_TIMESTAMP(0) COMMENT '创建时间',
  `updater` varchar(64) CHARACTER SET utf8mb4 COLLATE utf8mb4_unicode_ci NULL DEFAULT '' COMMENT '更新者',
  `update_time` datetime(0) NOT NULL DEFAULT CURRENT_TIMESTAMP(0) ON UPDATE CURRENT_TIMESTAMP(0) COMMENT '更新时间',
  `deleted` bit(1) NOT NULL DEFAULT b'0' COMMENT '是否删除',
  `tenant_id` bigint(0) NOT NULL DEFAULT 0 COMMENT '租户编号',
  PRIMARY KEY (`id`) USING BTREE
) ENGINE = InnoDB AUTO_INCREMENT = 11 CHARACTER SET = utf8mb4 COLLATE = utf8mb4_unicode_ci COMMENT = '站内信消息表' ROW_FORMAT = Dynamic;

-- ----------------------------
-- Records of system_notify_message
-- ----------------------------
INSERT INTO `system_notify_message` VALUES (2, 1, 2, 1, 'test', '123', '我是 1，我开始 2 了', 1, '{\"name\":\"1\",\"what\":\"2\"}', b'1', '2023-02-10 00:47:04', '1', '2023-01-28 11:44:08', '1', '2023-02-10 00:47:04', b'0', 1);
INSERT INTO `system_notify_message` VALUES (3, 1, 2, 1, 'test', '123', '我是 1，我开始 2 了', 1, '{\"name\":\"1\",\"what\":\"2\"}', b'1', '2023-02-10 00:47:04', '1', '2023-01-28 11:45:04', '1', '2023-02-10 00:47:04', b'0', 1);
INSERT INTO `system_notify_message` VALUES (4, 103, 2, 2, 'register', '系统消息', '你好，欢迎 哈哈 加入大家庭！', 2, '{\"name\":\"哈哈\"}', b'0', NULL, '1', '2023-01-28 21:02:20', '1', '2023-01-28 21:02:20', b'0', 1);
INSERT INTO `system_notify_message` VALUES (5, 1, 2, 1, 'test', '123', '我是 芋艿，我开始 写代码 了', 1, '{\"name\":\"芋艿\",\"what\":\"写代码\"}', b'1', '2023-02-10 00:47:04', '1', '2023-01-28 22:21:42', '1', '2023-02-10 00:47:04', b'0', 1);
INSERT INTO `system_notify_message` VALUES (6, 1, 2, 1, 'test', '123', '我是 芋艿，我开始 写代码 了', 1, '{\"name\":\"芋艿\",\"what\":\"写代码\"}', b'1', '2023-01-29 10:52:06', '1', '2023-01-28 22:22:07', '1', '2023-01-29 10:52:06', b'0', 1);
INSERT INTO `system_notify_message` VALUES (7, 1, 2, 1, 'test', '123', '我是 2，我开始 3 了', 1, '{\"name\":\"2\",\"what\":\"3\"}', b'1', '2023-01-29 10:52:06', '1', '2023-01-28 23:45:21', '1', '2023-01-29 10:52:06', b'0', 1);
INSERT INTO `system_notify_message` VALUES (8, 1, 2, 2, 'register', '系统消息', '你好，欢迎 123 加入大家庭！', 2, '{\"name\":\"123\"}', b'1', '2023-01-29 10:52:06', '1', '2023-01-28 23:50:21', '1', '2023-01-29 10:52:06', b'0', 1);
INSERT INTO `system_notify_message` VALUES (9, 247, 1, 4, 'brokerage_withdraw_audit_approve', 'system', '您在2023-09-28 08:35:46提现￥0.09元的申请已通过审核', 2, '{\"reason\":null,\"createTime\":\"2023-09-28 08:35:46\",\"price\":\"0.09\"}', b'0', NULL, '1', '2023-09-28 16:36:22', '1', '2023-09-28 16:36:22', b'0', 1);
INSERT INTO `system_notify_message` VALUES (10, 247, 1, 4, 'brokerage_withdraw_audit_approve', 'system', '您在2023-09-30 20:59:40提现￥1.00元的申请已通过审核', 2, '{\"reason\":null,\"createTime\":\"2023-09-30 20:59:40\",\"price\":\"1.00\"}', b'0', NULL, '1', '2023-10-03 12:11:34', '1', '2023-10-03 12:11:34', b'0', 1);

-- ----------------------------
-- Table structure for system_notify_template
-- ----------------------------
DROP TABLE IF EXISTS `system_notify_template`;
CREATE TABLE `system_notify_template`  (
  `id` bigint(0) NOT NULL AUTO_INCREMENT COMMENT '主键',
  `name` varchar(63) CHARACTER SET utf8mb4 COLLATE utf8mb4_unicode_ci NOT NULL COMMENT '模板名称',
  `code` varchar(64) CHARACTER SET utf8mb4 COLLATE utf8mb4_unicode_ci NOT NULL COMMENT '模版编码',
  `nickname` varchar(255) CHARACTER SET utf8mb4 COLLATE utf8mb4_unicode_ci NOT NULL COMMENT '发送人名称',
  `content` varchar(1024) CHARACTER SET utf8mb4 COLLATE utf8mb4_unicode_ci NOT NULL COMMENT '模版内容',
  `type` tinyint(0) NOT NULL COMMENT '类型',
  `params` varchar(255) CHARACTER SET utf8mb4 COLLATE utf8mb4_unicode_ci NULL DEFAULT NULL COMMENT '参数数组',
  `status` tinyint(0) NOT NULL COMMENT '状态',
  `remark` varchar(255) CHARACTER SET utf8mb4 COLLATE utf8mb4_unicode_ci NULL DEFAULT NULL COMMENT '备注',
  `creator` varchar(64) CHARACTER SET utf8mb4 COLLATE utf8mb4_unicode_ci NULL DEFAULT '' COMMENT '创建者',
  `create_time` datetime(0) NOT NULL DEFAULT CURRENT_TIMESTAMP(0) COMMENT '创建时间',
  `updater` varchar(64) CHARACTER SET utf8mb4 COLLATE utf8mb4_unicode_ci NULL DEFAULT '' COMMENT '更新者',
  `update_time` datetime(0) NOT NULL DEFAULT CURRENT_TIMESTAMP(0) ON UPDATE CURRENT_TIMESTAMP(0) COMMENT '更新时间',
  `deleted` bit(1) NOT NULL DEFAULT b'0' COMMENT '是否删除',
  PRIMARY KEY (`id`) USING BTREE
) ENGINE = InnoDB AUTO_INCREMENT = 6 CHARACTER SET = utf8mb4 COLLATE = utf8mb4_unicode_ci COMMENT = '站内信模板表' ROW_FORMAT = Dynamic;

-- ----------------------------
-- Records of system_notify_template
-- ----------------------------

-- ----------------------------
-- Table structure for system_oauth2_access_token
-- ----------------------------
DROP TABLE IF EXISTS `system_oauth2_access_token`;
CREATE TABLE `system_oauth2_access_token`  (
  `id` bigint(0) NOT NULL AUTO_INCREMENT COMMENT '编号',
  `user_id` bigint(0) NOT NULL COMMENT '用户编号',
  `user_type` tinyint(0) NOT NULL COMMENT '用户类型',
  `user_info` varchar(512) CHARACTER SET utf8mb4 COLLATE utf8mb4_unicode_ci NOT NULL COMMENT '用户信息',
  `access_token` varchar(255) CHARACTER SET utf8mb4 COLLATE utf8mb4_unicode_ci NOT NULL COMMENT '访问令牌',
  `refresh_token` varchar(32) CHARACTER SET utf8mb4 COLLATE utf8mb4_unicode_ci NOT NULL COMMENT '刷新令牌',
  `client_id` varchar(255) CHARACTER SET utf8mb4 COLLATE utf8mb4_unicode_ci NOT NULL COMMENT '客户端编号',
  `scopes` varchar(255) CHARACTER SET utf8mb4 COLLATE utf8mb4_unicode_ci NULL DEFAULT NULL COMMENT '授权范围',
  `expires_time` datetime(0) NOT NULL COMMENT '过期时间',
  `creator` varchar(64) CHARACTER SET utf8mb4 COLLATE utf8mb4_unicode_ci NULL DEFAULT '' COMMENT '创建者',
  `create_time` datetime(0) NOT NULL DEFAULT CURRENT_TIMESTAMP(0) COMMENT '创建时间',
  `updater` varchar(64) CHARACTER SET utf8mb4 COLLATE utf8mb4_unicode_ci NULL DEFAULT '' COMMENT '更新者',
  `update_time` datetime(0) NOT NULL DEFAULT CURRENT_TIMESTAMP(0) ON UPDATE CURRENT_TIMESTAMP(0) COMMENT '更新时间',
  `deleted` bit(1) NOT NULL DEFAULT b'0' COMMENT '是否删除',
  `tenant_id` bigint(0) NOT NULL DEFAULT 0 COMMENT '租户编号',
  PRIMARY KEY (`id`) USING BTREE,
  INDEX `idx_access_token`(`access_token`) USING BTREE,
  INDEX `idx_refresh_token`(`refresh_token`) USING BTREE
) ENGINE = InnoDB AUTO_INCREMENT = 6620 CHARACTER SET = utf8mb4 COLLATE = utf8mb4_unicode_ci COMMENT = 'OAuth2 访问令牌' ROW_FORMAT = Dynamic;

-- ----------------------------
-- Records of system_oauth2_access_token
-- ----------------------------
INSERT INTO `system_oauth2_access_token` VALUES (6620, 1, 2, '{\"nickname\":\"芋道源码\",\"deptId\":\"103\"}', '1666ddba99a94d13a19b296eb53f9ff2', 'b432246818cd42449bda375d00ba2c90', 'default', NULL, '2024-06-01 23:26:00', NULL, '2024-06-01 22:56:00', NULL, '2024-06-01 23:26:04', b'1', 0);
INSERT INTO `system_oauth2_access_token` VALUES (6621, 1, 2, '{\"nickname\":\"芋道源码\",\"deptId\":\"103\"}', 'fc1b949cd1ad41818a10d11744cfed47', 'b432246818cd42449bda375d00ba2c90', 'default', NULL, '2024-06-01 23:56:04', NULL, '2024-06-01 23:26:04', NULL, '2024-06-01 23:37:26', b'1', 0);
INSERT INTO `system_oauth2_access_token` VALUES (6622, 1, 2, '{\"nickname\":\"芋道源码\",\"deptId\":\"103\"}', 'c690786a11ab42f39046d8a89dbebda4', '545df4969ebc4fea8f6fccb4f8300bde', 'default', NULL, '2024-06-02 00:07:30', NULL, '2024-06-01 23:37:30', NULL, '2024-06-02 09:29:01', b'1', 0);
INSERT INTO `system_oauth2_access_token` VALUES (6623, 1, 2, '{\"nickname\":\"芋道源码\",\"deptId\":\"103\"}', '7197f9df7e7644149d588a557edb12f4', '545df4969ebc4fea8f6fccb4f8300bde', 'default', NULL, '2024-06-02 09:59:02', NULL, '2024-06-02 09:29:02', NULL, '2024-06-02 10:01:00', b'1', 0);
INSERT INTO `system_oauth2_access_token` VALUES (6624, 1, 2, '{\"nickname\":\"芋道源码\",\"deptId\":\"103\"}', '93e283ef5c954d48ac434eb6480adcf1', '545df4969ebc4fea8f6fccb4f8300bde', 'default', NULL, '2024-06-02 10:31:00', NULL, '2024-06-02 10:01:00', NULL, '2024-06-02 10:31:23', b'1', 0);
INSERT INTO `system_oauth2_access_token` VALUES (6625, 1, 2, '{\"nickname\":\"芋道源码\",\"deptId\":\"103\"}', '1d363c6664534a23b3e7ae7f64959fe1', '545df4969ebc4fea8f6fccb4f8300bde', 'default', NULL, '2024-06-02 11:01:23', NULL, '2024-06-02 10:31:23', NULL, '2024-06-02 11:01:23', b'1', 0);
INSERT INTO `system_oauth2_access_token` VALUES (6626, 1, 2, '{\"nickname\":\"芋道源码\",\"deptId\":\"103\"}', '01514231d40044559a4e9d55040d2924', '545df4969ebc4fea8f6fccb4f8300bde', 'default', NULL, '2024-06-02 11:31:23', NULL, '2024-06-02 11:01:23', NULL, '2024-06-02 12:25:41', b'1', 0);
INSERT INTO `system_oauth2_access_token` VALUES (6627, 1, 2, '{\"nickname\":\"芋道源码\",\"deptId\":\"103\"}', '1698e0e840dc40d39bcfdef21fc17408', '545df4969ebc4fea8f6fccb4f8300bde', 'default', NULL, '2024-06-02 12:55:42', NULL, '2024-06-02 12:25:42', NULL, '2024-06-02 12:25:42', b'0', 0);

-- ----------------------------
-- Table structure for system_oauth2_approve
-- ----------------------------
DROP TABLE IF EXISTS `system_oauth2_approve`;
CREATE TABLE `system_oauth2_approve`  (
  `id` bigint(0) NOT NULL AUTO_INCREMENT COMMENT '编号',
  `user_id` bigint(0) NOT NULL COMMENT '用户编号',
  `user_type` tinyint(0) NOT NULL COMMENT '用户类型',
  `client_id` varchar(255) CHARACTER SET utf8mb4 COLLATE utf8mb4_unicode_ci NOT NULL COMMENT '客户端编号',
  `scope` varchar(255) CHARACTER SET utf8mb4 COLLATE utf8mb4_unicode_ci NOT NULL DEFAULT '' COMMENT '授权范围',
  `approved` bit(1) NOT NULL DEFAULT b'0' COMMENT '是否接受',
  `expires_time` datetime(0) NOT NULL COMMENT '过期时间',
  `creator` varchar(64) CHARACTER SET utf8mb4 COLLATE utf8mb4_unicode_ci NULL DEFAULT '' COMMENT '创建者',
  `create_time` datetime(0) NOT NULL DEFAULT CURRENT_TIMESTAMP(0) COMMENT '创建时间',
  `updater` varchar(64) CHARACTER SET utf8mb4 COLLATE utf8mb4_unicode_ci NULL DEFAULT '' COMMENT '更新者',
  `update_time` datetime(0) NOT NULL DEFAULT CURRENT_TIMESTAMP(0) ON UPDATE CURRENT_TIMESTAMP(0) COMMENT '更新时间',
  `deleted` bit(1) NOT NULL DEFAULT b'0' COMMENT '是否删除',
  `tenant_id` bigint(0) NOT NULL DEFAULT 0 COMMENT '租户编号',
  PRIMARY KEY (`id`) USING BTREE
) ENGINE = InnoDB AUTO_INCREMENT = 82 CHARACTER SET = utf8mb4 COLLATE = utf8mb4_unicode_ci COMMENT = 'OAuth2 批准表' ROW_FORMAT = Dynamic;

-- ----------------------------
-- Records of system_oauth2_approve
-- ----------------------------

-- ----------------------------
-- Table structure for system_oauth2_client
-- ----------------------------
DROP TABLE IF EXISTS `system_oauth2_client`;
CREATE TABLE `system_oauth2_client`  (
  `id` bigint(0) NOT NULL AUTO_INCREMENT COMMENT '编号',
  `client_id` varchar(255) CHARACTER SET utf8mb4 COLLATE utf8mb4_unicode_ci NOT NULL COMMENT '客户端编号',
  `secret` varchar(255) CHARACTER SET utf8mb4 COLLATE utf8mb4_unicode_ci NOT NULL COMMENT '客户端密钥',
  `name` varchar(255) CHARACTER SET utf8mb4 COLLATE utf8mb4_unicode_ci NOT NULL COMMENT '应用名',
  `logo` varchar(255) CHARACTER SET utf8mb4 COLLATE utf8mb4_unicode_ci NOT NULL COMMENT '应用图标',
  `description` varchar(255) CHARACTER SET utf8mb4 COLLATE utf8mb4_unicode_ci NULL DEFAULT NULL COMMENT '应用描述',
  `status` tinyint(0) NOT NULL COMMENT '状态',
  `access_token_validity_seconds` int(0) NOT NULL COMMENT '访问令牌的有效期',
  `refresh_token_validity_seconds` int(0) NOT NULL COMMENT '刷新令牌的有效期',
  `redirect_uris` varchar(255) CHARACTER SET utf8mb4 COLLATE utf8mb4_unicode_ci NOT NULL COMMENT '可重定向的 URI 地址',
  `authorized_grant_types` varchar(255) CHARACTER SET utf8mb4 COLLATE utf8mb4_unicode_ci NOT NULL COMMENT '授权类型',
  `scopes` varchar(255) CHARACTER SET utf8mb4 COLLATE utf8mb4_unicode_ci NULL DEFAULT NULL COMMENT '授权范围',
  `auto_approve_scopes` varchar(255) CHARACTER SET utf8mb4 COLLATE utf8mb4_unicode_ci NULL DEFAULT NULL COMMENT '自动通过的授权范围',
  `authorities` varchar(255) CHARACTER SET utf8mb4 COLLATE utf8mb4_unicode_ci NULL DEFAULT NULL COMMENT '权限',
  `resource_ids` varchar(255) CHARACTER SET utf8mb4 COLLATE utf8mb4_unicode_ci NULL DEFAULT NULL COMMENT '资源',
  `additional_information` varchar(4096) CHARACTER SET utf8mb4 COLLATE utf8mb4_unicode_ci NULL DEFAULT NULL COMMENT '附加信息',
  `creator` varchar(64) CHARACTER SET utf8mb4 COLLATE utf8mb4_unicode_ci NULL DEFAULT '' COMMENT '创建者',
  `create_time` datetime(0) NOT NULL DEFAULT CURRENT_TIMESTAMP(0) COMMENT '创建时间',
  `updater` varchar(64) CHARACTER SET utf8mb4 COLLATE utf8mb4_unicode_ci NULL DEFAULT '' COMMENT '更新者',
  `update_time` datetime(0) NOT NULL DEFAULT CURRENT_TIMESTAMP(0) ON UPDATE CURRENT_TIMESTAMP(0) COMMENT '更新时间',
  `deleted` bit(1) NOT NULL DEFAULT b'0' COMMENT '是否删除',
  PRIMARY KEY (`id`) USING BTREE
) ENGINE = InnoDB AUTO_INCREMENT = 43 CHARACTER SET = utf8mb4 COLLATE = utf8mb4_unicode_ci COMMENT = 'OAuth2 客户端表' ROW_FORMAT = Dynamic;

-- ----------------------------
-- Records of system_oauth2_client
-- ----------------------------
INSERT INTO `system_oauth2_client` VALUES (1, 'default', 'admin123', '芋道源码', 'http://test.yudao.iocoder.cn/a5e2e244368878a366b516805a4aabf1.png', '我是描述', 0, 1800, 2592000, '[\"https://www.iocoder.cn\",\"https://doc.iocoder.cn\"]', '[\"password\",\"authorization_code\",\"implicit\",\"refresh_token\"]', '[\"user.read\",\"user.write\"]', '[]', '[\"user.read\",\"user.write\"]', '[]', '{}', '1', '2022-05-11 21:47:12', '1', '2024-02-22 16:31:52', b'0');
INSERT INTO `system_oauth2_client` VALUES (40, 'test', 'test2', 'biubiu', 'http://test.yudao.iocoder.cn/277a899d573723f1fcdfb57340f00379.png', '啦啦啦啦', 0, 1800, 43200, '[\"https://www.iocoder.cn\"]', '[\"password\",\"authorization_code\",\"implicit\"]', '[\"user_info\",\"projects\"]', '[\"user_info\"]', '[]', '[]', '{}', '1', '2022-05-12 00:28:20', '1', '2023-12-02 21:01:01', b'0');
INSERT INTO `system_oauth2_client` VALUES (41, 'yudao-sso-demo-by-code', 'test', '基于授权码模式，如何实现 SSO 单点登录？', 'http://test.yudao.iocoder.cn/fe4ed36596adad5120036ef61a6d0153654544d44af8dd4ad3ffe8f759933d6f.png', NULL, 0, 1800, 43200, '[\"http://127.0.0.1:18080\"]', '[\"authorization_code\",\"refresh_token\"]', '[\"user.read\",\"user.write\"]', '[]', '[]', '[]', NULL, '1', '2022-09-29 13:28:31', '1', '2022-09-29 13:28:31', b'0');
INSERT INTO `system_oauth2_client` VALUES (42, 'yudao-sso-demo-by-password', 'test', '基于密码模式，如何实现 SSO 单点登录？', 'http://test.yudao.iocoder.cn/604bdc695e13b3b22745be704d1f2aa8ee05c5f26f9fead6d1ca49005afbc857.jpeg', NULL, 0, 1800, 43200, '[\"http://127.0.0.1:18080\"]', '[\"password\",\"refresh_token\"]', '[\"user.read\",\"user.write\"]', '[]', '[]', '[]', NULL, '1', '2022-10-04 17:40:16', '1', '2022-10-04 20:31:21', b'0');

-- ----------------------------
-- Table structure for system_oauth2_code
-- ----------------------------
DROP TABLE IF EXISTS `system_oauth2_code`;
CREATE TABLE `system_oauth2_code`  (
  `id` bigint(0) NOT NULL AUTO_INCREMENT COMMENT '编号',
  `user_id` bigint(0) NOT NULL COMMENT '用户编号',
  `user_type` tinyint(0) NOT NULL COMMENT '用户类型',
  `code` varchar(32) CHARACTER SET utf8mb4 COLLATE utf8mb4_unicode_ci NOT NULL COMMENT '授权码',
  `client_id` varchar(255) CHARACTER SET utf8mb4 COLLATE utf8mb4_unicode_ci NOT NULL COMMENT '客户端编号',
  `scopes` varchar(255) CHARACTER SET utf8mb4 COLLATE utf8mb4_unicode_ci NULL DEFAULT '' COMMENT '授权范围',
  `expires_time` datetime(0) NOT NULL COMMENT '过期时间',
  `redirect_uri` varchar(255) CHARACTER SET utf8mb4 COLLATE utf8mb4_unicode_ci NULL DEFAULT NULL COMMENT '可重定向的 URI 地址',
  `state` varchar(255) CHARACTER SET utf8mb4 COLLATE utf8mb4_unicode_ci NOT NULL DEFAULT '' COMMENT '状态',
  `creator` varchar(64) CHARACTER SET utf8mb4 COLLATE utf8mb4_unicode_ci NULL DEFAULT '' COMMENT '创建者',
  `create_time` datetime(0) NOT NULL DEFAULT CURRENT_TIMESTAMP(0) COMMENT '创建时间',
  `updater` varchar(64) CHARACTER SET utf8mb4 COLLATE utf8mb4_unicode_ci NULL DEFAULT '' COMMENT '更新者',
  `update_time` datetime(0) NOT NULL DEFAULT CURRENT_TIMESTAMP(0) ON UPDATE CURRENT_TIMESTAMP(0) COMMENT '更新时间',
  `deleted` bit(1) NOT NULL DEFAULT b'0' COMMENT '是否删除',
  `tenant_id` bigint(0) NOT NULL DEFAULT 0 COMMENT '租户编号',
  PRIMARY KEY (`id`) USING BTREE
) ENGINE = InnoDB AUTO_INCREMENT = 147 CHARACTER SET = utf8mb4 COLLATE = utf8mb4_unicode_ci COMMENT = 'OAuth2 授权码表' ROW_FORMAT = Dynamic;

-- ----------------------------
-- Records of system_oauth2_code
-- ----------------------------

-- ----------------------------
-- Table structure for system_oauth2_refresh_token
-- ----------------------------
DROP TABLE IF EXISTS `system_oauth2_refresh_token`;
CREATE TABLE `system_oauth2_refresh_token`  (
  `id` bigint(0) NOT NULL AUTO_INCREMENT COMMENT '编号',
  `user_id` bigint(0) NOT NULL COMMENT '用户编号',
  `refresh_token` varchar(32) CHARACTER SET utf8mb4 COLLATE utf8mb4_unicode_ci NOT NULL COMMENT '刷新令牌',
  `user_type` tinyint(0) NOT NULL COMMENT '用户类型',
  `client_id` varchar(255) CHARACTER SET utf8mb4 COLLATE utf8mb4_unicode_ci NOT NULL COMMENT '客户端编号',
  `scopes` varchar(255) CHARACTER SET utf8mb4 COLLATE utf8mb4_unicode_ci NULL DEFAULT NULL COMMENT '授权范围',
  `expires_time` datetime(0) NOT NULL COMMENT '过期时间',
  `creator` varchar(64) CHARACTER SET utf8mb4 COLLATE utf8mb4_unicode_ci NULL DEFAULT '' COMMENT '创建者',
  `create_time` datetime(0) NOT NULL DEFAULT CURRENT_TIMESTAMP(0) COMMENT '创建时间',
  `updater` varchar(64) CHARACTER SET utf8mb4 COLLATE utf8mb4_unicode_ci NULL DEFAULT '' COMMENT '更新者',
  `update_time` datetime(0) NOT NULL DEFAULT CURRENT_TIMESTAMP(0) ON UPDATE CURRENT_TIMESTAMP(0) COMMENT '更新时间',
  `deleted` bit(1) NOT NULL DEFAULT b'0' COMMENT '是否删除',
  `tenant_id` bigint(0) NOT NULL DEFAULT 0 COMMENT '租户编号',
  PRIMARY KEY (`id`) USING BTREE
) ENGINE = InnoDB AUTO_INCREMENT = 1483 CHARACTER SET = utf8mb4 COLLATE = utf8mb4_unicode_ci COMMENT = 'OAuth2 刷新令牌' ROW_FORMAT = Dynamic;

-- ----------------------------
-- Records of system_oauth2_refresh_token
-- ----------------------------
INSERT INTO `system_oauth2_refresh_token` VALUES (1483, 1, 'b432246818cd42449bda375d00ba2c90', 2, 'default', NULL, '2024-07-01 22:56:00', NULL, '2024-06-01 22:56:00', NULL, '2024-06-01 23:37:26', b'1', 0);
INSERT INTO `system_oauth2_refresh_token` VALUES (1484, 1, '545df4969ebc4fea8f6fccb4f8300bde', 2, 'default', NULL, '2024-07-01 23:37:30', NULL, '2024-06-01 23:37:30', NULL, '2024-06-01 23:37:30', b'0', 0);

-- ----------------------------
-- Table structure for system_operate_log
-- ----------------------------
DROP TABLE IF EXISTS `system_operate_log`;
CREATE TABLE `system_operate_log`  (
  `id` bigint(0) NOT NULL AUTO_INCREMENT COMMENT '日志主键',
  `trace_id` varchar(64) CHARACTER SET utf8mb4 COLLATE utf8mb4_unicode_ci NOT NULL DEFAULT '' COMMENT '链路追踪编号',
  `user_id` bigint(0) NOT NULL COMMENT '用户编号',
  `user_type` tinyint(0) NOT NULL DEFAULT 0 COMMENT '用户类型',
  `type` varchar(50) CHARACTER SET utf8mb4 COLLATE utf8mb4_unicode_ci NOT NULL COMMENT '操作模块类型',
  `sub_type` varchar(50) CHARACTER SET utf8mb4 COLLATE utf8mb4_unicode_ci NOT NULL COMMENT '操作名',
  `biz_id` bigint(0) NOT NULL COMMENT '操作数据模块编号',
  `action` varchar(2000) CHARACTER SET utf8mb4 COLLATE utf8mb4_unicode_ci NOT NULL DEFAULT '' COMMENT '操作内容',
  `extra` varchar(2000) CHARACTER SET utf8mb4 COLLATE utf8mb4_unicode_ci NOT NULL DEFAULT '' COMMENT '拓展字段',
  `request_method` varchar(16) CHARACTER SET utf8mb4 COLLATE utf8mb4_unicode_ci NULL DEFAULT '' COMMENT '请求方法名',
  `request_url` varchar(255) CHARACTER SET utf8mb4 COLLATE utf8mb4_unicode_ci NULL DEFAULT '' COMMENT '请求地址',
  `user_ip` varchar(50) CHARACTER SET utf8mb4 COLLATE utf8mb4_unicode_ci NULL DEFAULT NULL COMMENT '用户 IP',
  `user_agent` varchar(200) CHARACTER SET utf8mb4 COLLATE utf8mb4_unicode_ci NULL DEFAULT NULL COMMENT '浏览器 UA',
  `creator` varchar(64) CHARACTER SET utf8mb4 COLLATE utf8mb4_unicode_ci NULL DEFAULT '' COMMENT '创建者',
  `create_time` datetime(0) NOT NULL DEFAULT CURRENT_TIMESTAMP(0) COMMENT '创建时间',
  `updater` varchar(64) CHARACTER SET utf8mb4 COLLATE utf8mb4_unicode_ci NULL DEFAULT '' COMMENT '更新者',
  `update_time` datetime(0) NOT NULL DEFAULT CURRENT_TIMESTAMP(0) ON UPDATE CURRENT_TIMESTAMP(0) COMMENT '更新时间',
  `deleted` bit(1) NOT NULL DEFAULT b'0' COMMENT '是否删除',
  `tenant_id` bigint(0) NOT NULL DEFAULT 0 COMMENT '租户编号',
  PRIMARY KEY (`id`) USING BTREE
) ENGINE = InnoDB AUTO_INCREMENT = 9038 CHARACTER SET = utf8mb4 COLLATE = utf8mb4_unicode_ci COMMENT = '操作日志记录 V2 版本' ROW_FORMAT = Dynamic;

-- ----------------------------
-- Records of system_operate_log
-- ----------------------------

-- ----------------------------
-- Table structure for system_post
-- ----------------------------
DROP TABLE IF EXISTS `system_post`;
CREATE TABLE `system_post`  (
  `id` bigint(0) NOT NULL AUTO_INCREMENT COMMENT '岗位ID',
  `code` varchar(64) CHARACTER SET utf8mb4 COLLATE utf8mb4_unicode_ci NOT NULL COMMENT '岗位编码',
  `name` varchar(50) CHARACTER SET utf8mb4 COLLATE utf8mb4_unicode_ci NOT NULL COMMENT '岗位名称',
  `sort` int(0) NOT NULL COMMENT '显示顺序',
  `status` tinyint(0) NOT NULL COMMENT '状态（0正常 1停用）',
  `remark` varchar(500) CHARACTER SET utf8mb4 COLLATE utf8mb4_unicode_ci NULL DEFAULT NULL COMMENT '备注',
  `creator` varchar(64) CHARACTER SET utf8mb4 COLLATE utf8mb4_unicode_ci NULL DEFAULT '' COMMENT '创建者',
  `create_time` datetime(0) NOT NULL DEFAULT CURRENT_TIMESTAMP(0) COMMENT '创建时间',
  `updater` varchar(64) CHARACTER SET utf8mb4 COLLATE utf8mb4_unicode_ci NULL DEFAULT '' COMMENT '更新者',
  `update_time` datetime(0) NOT NULL DEFAULT CURRENT_TIMESTAMP(0) ON UPDATE CURRENT_TIMESTAMP(0) COMMENT '更新时间',
  `deleted` bit(1) NOT NULL DEFAULT b'0' COMMENT '是否删除',
  `tenant_id` bigint(0) NOT NULL DEFAULT 0 COMMENT '租户编号',
  PRIMARY KEY (`id`) USING BTREE
) ENGINE = InnoDB AUTO_INCREMENT = 6 CHARACTER SET = utf8mb4 COLLATE = utf8mb4_unicode_ci COMMENT = '岗位信息表' ROW_FORMAT = Dynamic;

-- ----------------------------
-- Records of system_post
-- ----------------------------
INSERT INTO `system_post` VALUES (1, 'ceo', '董事长', 1, 0, '', 'admin', '2021-01-06 17:03:48', '1', '2023-02-11 15:19:04', b'0', 1);
INSERT INTO `system_post` VALUES (2, 'se', '项目经理', 2, 0, '', 'admin', '2021-01-05 17:03:48', '1', '2023-11-15 09:18:20', b'0', 1);
INSERT INTO `system_post` VALUES (4, 'user', '普通员工', 4, 0, '111', 'admin', '2021-01-05 17:03:48', '1', '2023-12-02 10:04:37', b'0', 1);
INSERT INTO `system_post` VALUES (5, 'HR', '人力资源', 5, 0, '', '1', '2024-03-24 20:45:40', '1', '2024-03-24 20:45:40', b'0', 1);

-- ----------------------------
-- Table structure for system_role
-- ----------------------------
DROP TABLE IF EXISTS `system_role`;
CREATE TABLE `system_role`  (
  `id` bigint(0) NOT NULL AUTO_INCREMENT COMMENT '角色ID',
  `name` varchar(30) CHARACTER SET utf8mb4 COLLATE utf8mb4_unicode_ci NOT NULL COMMENT '角色名称',
  `code` varchar(100) CHARACTER SET utf8mb4 COLLATE utf8mb4_unicode_ci NOT NULL COMMENT '角色权限字符串',
  `sort` int(0) NOT NULL COMMENT '显示顺序',
  `data_scope` tinyint(0) NOT NULL DEFAULT 1 COMMENT '数据范围（1：全部数据权限 2：自定数据权限 3：本部门数据权限 4：本部门及以下数据权限）',
  `data_scope_dept_ids` varchar(500) CHARACTER SET utf8mb4 COLLATE utf8mb4_unicode_ci NOT NULL DEFAULT '' COMMENT '数据范围(指定部门数组)',
  `status` tinyint(0) NOT NULL COMMENT '角色状态（0正常 1停用）',
  `type` tinyint(0) NOT NULL COMMENT '角色类型',
  `remark` varchar(500) CHARACTER SET utf8mb4 COLLATE utf8mb4_unicode_ci NULL DEFAULT NULL COMMENT '备注',
  `creator` varchar(64) CHARACTER SET utf8mb4 COLLATE utf8mb4_unicode_ci NULL DEFAULT '' COMMENT '创建者',
  `create_time` datetime(0) NOT NULL DEFAULT CURRENT_TIMESTAMP(0) COMMENT '创建时间',
  `updater` varchar(64) CHARACTER SET utf8mb4 COLLATE utf8mb4_unicode_ci NULL DEFAULT '' COMMENT '更新者',
  `update_time` datetime(0) NOT NULL DEFAULT CURRENT_TIMESTAMP(0) ON UPDATE CURRENT_TIMESTAMP(0) COMMENT '更新时间',
  `deleted` bit(1) NOT NULL DEFAULT b'0' COMMENT '是否删除',
  `tenant_id` bigint(0) NOT NULL DEFAULT 0 COMMENT '租户编号',
  PRIMARY KEY (`id`) USING BTREE
) ENGINE = InnoDB AUTO_INCREMENT = 153 CHARACTER SET = utf8mb4 COLLATE = utf8mb4_unicode_ci COMMENT = '角色信息表' ROW_FORMAT = Dynamic;

-- ----------------------------
-- Records of system_role
-- ----------------------------
INSERT INTO `system_role` VALUES (1, '超级管理员', 'super_admin', 1, 1, '', 0, 1, '超级管理员', 'admin', '2021-01-05 17:03:48', '', '2022-02-22 05:08:21', b'0', 1);
INSERT INTO `system_role` VALUES (2, '普通角色', 'common', 2, 2, '', 0, 1, '普通角色', 'admin', '2021-01-05 17:03:48', '', '2022-02-22 05:08:20', b'0', 1);
INSERT INTO `system_role` VALUES (3, 'CRM 管理员', 'crm_admin', 2, 1, '', 0, 1, 'CRM 专属角色', '1', '2024-02-24 10:51:13', '1', '2024-02-24 02:51:32', b'0', 1);
INSERT INTO `system_role` VALUES (101, '测试账号', 'test', 0, 1, '[]', 0, 2, '我想测试', '', '2021-01-06 13:49:35', '1', '2024-03-24 22:22:45', b'0', 1);
INSERT INTO `system_role` VALUES (109, '租户管理员', 'tenant_admin', 0, 1, '', 0, 1, '系统自动生成', '1', '2022-02-22 00:56:14', '1', '2022-02-22 00:56:14', b'0', 121);
INSERT INTO `system_role` VALUES (111, '租户管理员', 'tenant_admin', 0, 1, '', 0, 1, '系统自动生成', '1', '2022-03-07 21:37:58', '1', '2022-03-07 21:37:58', b'0', 122);

-- ----------------------------
-- Table structure for system_role_menu
-- ----------------------------
DROP TABLE IF EXISTS `system_role_menu`;
CREATE TABLE `system_role_menu`  (
  `id` bigint(0) NOT NULL AUTO_INCREMENT COMMENT '自增编号',
  `role_id` bigint(0) NOT NULL COMMENT '角色ID',
  `menu_id` bigint(0) NOT NULL COMMENT '菜单ID',
  `creator` varchar(64) CHARACTER SET utf8mb4 COLLATE utf8mb4_unicode_ci NULL DEFAULT '' COMMENT '创建者',
  `create_time` datetime(0) NOT NULL DEFAULT CURRENT_TIMESTAMP(0) COMMENT '创建时间',
  `updater` varchar(64) CHARACTER SET utf8mb4 COLLATE utf8mb4_unicode_ci NULL DEFAULT '' COMMENT '更新者',
  `update_time` datetime(0) NOT NULL DEFAULT CURRENT_TIMESTAMP(0) ON UPDATE CURRENT_TIMESTAMP(0) COMMENT '更新时间',
  `deleted` bit(1) NOT NULL DEFAULT b'0' COMMENT '是否删除',
  `tenant_id` bigint(0) NOT NULL DEFAULT 0 COMMENT '租户编号',
  PRIMARY KEY (`id`) USING BTREE
) ENGINE = InnoDB AUTO_INCREMENT = 5779 CHARACTER SET = utf8mb4 COLLATE = utf8mb4_unicode_ci COMMENT = '角色和菜单关联表' ROW_FORMAT = Dynamic;

-- ----------------------------
-- Records of system_role_menu
-- ----------------------------
INSERT INTO `system_role_menu` VALUES (263, 109, 1, '1', '2022-02-22 00:56:14', '1', '2022-02-22 00:56:14', b'0', 121);
INSERT INTO `system_role_menu` VALUES (434, 2, 1, '1', '2022-02-22 13:09:12', '1', '2022-02-22 13:09:12', b'0', 1);
INSERT INTO `system_role_menu` VALUES (454, 2, 1093, '1', '2022-02-22 13:09:12', '1', '2022-02-22 13:09:12', b'0', 1);
INSERT INTO `system_role_menu` VALUES (455, 2, 1094, '1', '2022-02-22 13:09:12', '1', '2022-02-22 13:09:12', b'0', 1);
INSERT INTO `system_role_menu` VALUES (460, 2, 1100, '1', '2022-02-22 13:09:12', '1', '2022-02-22 13:09:12', b'0', 1);
INSERT INTO `system_role_menu` VALUES (467, 2, 1107, '1', '2022-02-22 13:09:12', '1', '2022-02-22 13:09:12', b'0', 1);
INSERT INTO `system_role_menu` VALUES (477, 2, 100, '1', '2022-02-22 13:09:12', '1', '2022-02-22 13:09:12', b'0', 1);
INSERT INTO `system_role_menu` VALUES (478, 2, 101, '1', '2022-02-22 13:09:12', '1', '2022-02-22 13:09:12', b'0', 1);
INSERT INTO `system_role_menu` VALUES (479, 2, 102, '1', '2022-02-22 13:09:12', '1', '2022-02-22 13:09:12', b'0', 1);
INSERT INTO `system_role_menu` VALUES (481, 2, 103, '1', '2022-02-22 13:09:12', '1', '2022-02-22 13:09:12', b'0', 1);
INSERT INTO `system_role_menu` VALUES (483, 2, 104, '1', '2022-02-22 13:09:12', '1', '2022-02-22 13:09:12', b'0', 1);
INSERT INTO `system_role_menu` VALUES (485, 2, 105, '1', '2022-02-22 13:09:12', '1', '2022-02-22 13:09:12', b'0', 1);
INSERT INTO `system_role_menu` VALUES (488, 2, 107, '1', '2022-02-22 13:09:12', '1', '2022-02-22 13:09:12', b'0', 1);
INSERT INTO `system_role_menu` VALUES (490, 2, 108, '1', '2022-02-22 13:09:12', '1', '2022-02-22 13:09:12', b'0', 1);
INSERT INTO `system_role_menu` VALUES (492, 2, 109, '1', '2022-02-22 13:09:12', '1', '2022-02-22 13:09:12', b'0', 1);
INSERT INTO `system_role_menu` VALUES (498, 2, 1138, '1', '2022-02-22 13:09:12', '1', '2022-02-22 13:09:12', b'0', 1);
INSERT INTO `system_role_menu` VALUES (523, 2, 1224, '1', '2022-02-22 13:09:12', '1', '2022-02-22 13:09:12', b'0', 1);
INSERT INTO `system_role_menu` VALUES (524, 2, 1225, '1', '2022-02-22 13:09:12', '1', '2022-02-22 13:09:12', b'0', 1);
INSERT INTO `system_role_menu` VALUES (541, 2, 500, '1', '2022-02-22 13:09:12', '1', '2022-02-22 13:09:12', b'0', 1);
INSERT INTO `system_role_menu` VALUES (543, 2, 501, '1', '2022-02-22 13:09:12', '1', '2022-02-22 13:09:12', b'0', 1);
INSERT INTO `system_role_menu` VALUES (675, 2, 2, '1', '2022-02-22 13:16:57', '1', '2022-02-22 13:16:57', b'0', 1);
INSERT INTO `system_role_menu` VALUES (689, 2, 1077, '1', '2022-02-22 13:16:57', '1', '2022-02-22 13:16:57', b'0', 1);
INSERT INTO `system_role_menu` VALUES (690, 2, 1078, '1', '2022-02-22 13:16:57', '1', '2022-02-22 13:16:57', b'0', 1);
INSERT INTO `system_role_menu` VALUES (692, 2, 1083, '1', '2022-02-22 13:16:57', '1', '2022-02-22 13:16:57', b'0', 1);
INSERT INTO `system_role_menu` VALUES (693, 2, 1084, '1', '2022-02-22 13:16:57', '1', '2022-02-22 13:16:57', b'0', 1);
INSERT INTO `system_role_menu` VALUES (699, 2, 1090, '1', '2022-02-22 13:16:57', '1', '2022-02-22 13:16:57', b'0', 1);
INSERT INTO `system_role_menu` VALUES (703, 2, 106, '1', '2022-02-22 13:16:57', '1', '2022-02-22 13:16:57', b'0', 1);
INSERT INTO `system_role_menu` VALUES (704, 2, 110, '1', '2022-02-22 13:16:57', '1', '2022-02-22 13:16:57', b'0', 1);
INSERT INTO `system_role_menu` VALUES (705, 2, 111, '1', '2022-02-22 13:16:57', '1', '2022-02-22 13:16:57', b'0', 1);
INSERT INTO `system_role_menu` VALUES (706, 2, 112, '1', '2022-02-22 13:16:57', '1', '2022-02-22 13:16:57', b'0', 1);
INSERT INTO `system_role_menu` VALUES (707, 2, 113, '1', '2022-02-22 13:16:57', '1', '2022-02-22 13:16:57', b'0', 1);
INSERT INTO `system_role_menu` VALUES (1296, 110, 1, '110', '2022-02-23 00:23:55', '110', '2022-02-23 00:23:55', b'0', 121);
INSERT INTO `system_role_menu` VALUES (1578, 111, 1, '1', '2022-03-07 21:37:58', '1', '2022-03-07 21:37:58', b'0', 122);
INSERT INTO `system_role_menu` VALUES (1641, 101, 2, '1', '2022-04-01 22:21:24', '1', '2022-04-01 22:21:24', b'0', 1);
INSERT INTO `system_role_menu` VALUES (1642, 101, 1031, '1', '2022-04-01 22:21:37', '1', '2022-04-01 22:21:37', b'0', 1);
INSERT INTO `system_role_menu` VALUES (1643, 101, 1032, '1', '2022-04-01 22:21:37', '1', '2022-04-01 22:21:37', b'0', 1);
INSERT INTO `system_role_menu` VALUES (1644, 101, 1033, '1', '2022-04-01 22:21:37', '1', '2022-04-01 22:21:37', b'0', 1);
INSERT INTO `system_role_menu` VALUES (1645, 101, 1034, '1', '2022-04-01 22:21:37', '1', '2022-04-01 22:21:37', b'0', 1);
INSERT INTO `system_role_menu` VALUES (1646, 101, 1035, '1', '2022-04-01 22:21:37', '1', '2022-04-01 22:21:37', b'0', 1);
INSERT INTO `system_role_menu` VALUES (1647, 101, 1050, '1', '2022-04-01 22:21:37', '1', '2022-04-01 22:21:37', b'0', 1);
INSERT INTO `system_role_menu` VALUES (1648, 101, 1051, '1', '2022-04-01 22:21:37', '1', '2022-04-01 22:21:37', b'0', 1);
INSERT INTO `system_role_menu` VALUES (1649, 101, 1052, '1', '2022-04-01 22:21:37', '1', '2022-04-01 22:21:37', b'0', 1);
INSERT INTO `system_role_menu` VALUES (1650, 101, 1053, '1', '2022-04-01 22:21:37', '1', '2022-04-01 22:21:37', b'0', 1);
INSERT INTO `system_role_menu` VALUES (1651, 101, 1054, '1', '2022-04-01 22:21:37', '1', '2022-04-01 22:21:37', b'0', 1);
INSERT INTO `system_role_menu` VALUES (1652, 101, 1056, '1', '2022-04-01 22:21:37', '1', '2022-04-01 22:21:37', b'0', 1);
INSERT INTO `system_role_menu` VALUES (1653, 101, 1057, '1', '2022-04-01 22:21:37', '1', '2022-04-01 22:21:37', b'0', 1);
INSERT INTO `system_role_menu` VALUES (1654, 101, 1058, '1', '2022-04-01 22:21:37', '1', '2022-04-01 22:21:37', b'0', 1);
INSERT INTO `system_role_menu` VALUES (1655, 101, 1059, '1', '2022-04-01 22:21:37', '1', '2022-04-01 22:21:37', b'0', 1);
INSERT INTO `system_role_menu` VALUES (1656, 101, 1060, '1', '2022-04-01 22:21:37', '1', '2022-04-01 22:21:37', b'0', 1);
INSERT INTO `system_role_menu` VALUES (1657, 101, 1066, '1', '2022-04-01 22:21:37', '1', '2022-04-01 22:21:37', b'0', 1);
INSERT INTO `system_role_menu` VALUES (1658, 101, 1067, '1', '2022-04-01 22:21:37', '1', '2022-04-01 22:21:37', b'0', 1);
INSERT INTO `system_role_menu` VALUES (1659, 101, 1070, '1', '2022-04-01 22:21:37', '1', '2022-04-01 22:21:37', b'0', 1);
INSERT INTO `system_role_menu` VALUES (1664, 101, 1075, '1', '2022-04-01 22:21:37', '1', '2022-04-01 22:21:37', b'0', 1);
INSERT INTO `system_role_menu` VALUES (1666, 101, 1077, '1', '2022-04-01 22:21:37', '1', '2022-04-01 22:21:37', b'0', 1);
INSERT INTO `system_role_menu` VALUES (1667, 101, 1078, '1', '2022-04-01 22:21:37', '1', '2022-04-01 22:21:37', b'0', 1);
INSERT INTO `system_role_menu` VALUES (1668, 101, 1082, '1', '2022-04-01 22:21:37', '1', '2022-04-01 22:21:37', b'0', 1);
INSERT INTO `system_role_menu` VALUES (1669, 101, 1083, '1', '2022-04-01 22:21:37', '1', '2022-04-01 22:21:37', b'0', 1);
INSERT INTO `system_role_menu` VALUES (1670, 101, 1084, '1', '2022-04-01 22:21:37', '1', '2022-04-01 22:21:37', b'0', 1);
INSERT INTO `system_role_menu` VALUES (1671, 101, 1085, '1', '2022-04-01 22:21:37', '1', '2022-04-01 22:21:37', b'0', 1);
INSERT INTO `system_role_menu` VALUES (1672, 101, 1086, '1', '2022-04-01 22:21:37', '1', '2022-04-01 22:21:37', b'0', 1);
INSERT INTO `system_role_menu` VALUES (1673, 101, 1087, '1', '2022-04-01 22:21:37', '1', '2022-04-01 22:21:37', b'0', 1);
INSERT INTO `system_role_menu` VALUES (1674, 101, 1088, '1', '2022-04-01 22:21:37', '1', '2022-04-01 22:21:37', b'0', 1);
INSERT INTO `system_role_menu` VALUES (1675, 101, 1089, '1', '2022-04-01 22:21:37', '1', '2022-04-01 22:21:37', b'0', 1);
INSERT INTO `system_role_menu` VALUES (1679, 101, 1237, '1', '2022-04-01 22:21:37', '1', '2022-04-01 22:21:37', b'0', 1);
INSERT INTO `system_role_menu` VALUES (1680, 101, 1238, '1', '2022-04-01 22:21:37', '1', '2022-04-01 22:21:37', b'0', 1);
INSERT INTO `system_role_menu` VALUES (1681, 101, 1239, '1', '2022-04-01 22:21:37', '1', '2022-04-01 22:21:37', b'0', 1);
INSERT INTO `system_role_menu` VALUES (1682, 101, 1240, '1', '2022-04-01 22:21:37', '1', '2022-04-01 22:21:37', b'0', 1);
INSERT INTO `system_role_menu` VALUES (1683, 101, 1241, '1', '2022-04-01 22:21:37', '1', '2022-04-01 22:21:37', b'0', 1);
INSERT INTO `system_role_menu` VALUES (1684, 101, 1242, '1', '2022-04-01 22:21:37', '1', '2022-04-01 22:21:37', b'0', 1);
INSERT INTO `system_role_menu` VALUES (1685, 101, 1243, '1', '2022-04-01 22:21:37', '1', '2022-04-01 22:21:37', b'0', 1);
INSERT INTO `system_role_menu` VALUES (1687, 101, 106, '1', '2022-04-01 22:21:37', '1', '2022-04-01 22:21:37', b'0', 1);
INSERT INTO `system_role_menu` VALUES (1688, 101, 110, '1', '2022-04-01 22:21:37', '1', '2022-04-01 22:21:37', b'0', 1);
INSERT INTO `system_role_menu` VALUES (1689, 101, 111, '1', '2022-04-01 22:21:37', '1', '2022-04-01 22:21:37', b'0', 1);
INSERT INTO `system_role_menu` VALUES (1690, 101, 112, '1', '2022-04-01 22:21:37', '1', '2022-04-01 22:21:37', b'0', 1);
INSERT INTO `system_role_menu` VALUES (1691, 101, 113, '1', '2022-04-01 22:21:37', '1', '2022-04-01 22:21:37', b'0', 1);
INSERT INTO `system_role_menu` VALUES (1692, 101, 114, '1', '2022-04-01 22:21:37', '1', '2022-04-01 22:21:37', b'0', 1);
INSERT INTO `system_role_menu` VALUES (1693, 101, 115, '1', '2022-04-01 22:21:37', '1', '2022-04-01 22:21:37', b'0', 1);
INSERT INTO `system_role_menu` VALUES (1694, 101, 116, '1', '2022-04-01 22:21:37', '1', '2022-04-01 22:21:37', b'0', 1);
INSERT INTO `system_role_menu` VALUES (1729, 109, 100, '1', '2022-09-21 22:08:51', '1', '2022-09-21 22:08:51', b'0', 121);
INSERT INTO `system_role_menu` VALUES (1730, 109, 101, '1', '2022-09-21 22:08:51', '1', '2022-09-21 22:08:51', b'0', 121);
INSERT INTO `system_role_menu` VALUES (1731, 109, 1063, '1', '2022-09-21 22:08:51', '1', '2022-09-21 22:08:51', b'0', 121);
INSERT INTO `system_role_menu` VALUES (1732, 109, 1064, '1', '2022-09-21 22:08:51', '1', '2022-09-21 22:08:51', b'0', 121);
INSERT INTO `system_role_menu` VALUES (1733, 109, 1001, '1', '2022-09-21 22:08:51', '1', '2022-09-21 22:08:51', b'0', 121);
INSERT INTO `system_role_menu` VALUES (1734, 109, 1065, '1', '2022-09-21 22:08:51', '1', '2022-09-21 22:08:51', b'0', 121);
INSERT INTO `system_role_menu` VALUES (1735, 109, 1002, '1', '2022-09-21 22:08:51', '1', '2022-09-21 22:08:51', b'0', 121);
INSERT INTO `system_role_menu` VALUES (1736, 109, 1003, '1', '2022-09-21 22:08:51', '1', '2022-09-21 22:08:51', b'0', 121);
INSERT INTO `system_role_menu` VALUES (1737, 109, 1004, '1', '2022-09-21 22:08:51', '1', '2022-09-21 22:08:51', b'0', 121);
INSERT INTO `system_role_menu` VALUES (1738, 109, 1005, '1', '2022-09-21 22:08:51', '1', '2022-09-21 22:08:51', b'0', 121);
INSERT INTO `system_role_menu` VALUES (1739, 109, 1006, '1', '2022-09-21 22:08:51', '1', '2022-09-21 22:08:51', b'0', 121);
INSERT INTO `system_role_menu` VALUES (1740, 109, 1007, '1', '2022-09-21 22:08:51', '1', '2022-09-21 22:08:51', b'0', 121);
INSERT INTO `system_role_menu` VALUES (1741, 109, 1008, '1', '2022-09-21 22:08:51', '1', '2022-09-21 22:08:51', b'0', 121);
INSERT INTO `system_role_menu` VALUES (1742, 109, 1009, '1', '2022-09-21 22:08:51', '1', '2022-09-21 22:08:51', b'0', 121);
INSERT INTO `system_role_menu` VALUES (1743, 109, 1010, '1', '2022-09-21 22:08:51', '1', '2022-09-21 22:08:51', b'0', 121);
INSERT INTO `system_role_menu` VALUES (1744, 109, 1011, '1', '2022-09-21 22:08:51', '1', '2022-09-21 22:08:51', b'0', 121);
INSERT INTO `system_role_menu` VALUES (1745, 109, 1012, '1', '2022-09-21 22:08:51', '1', '2022-09-21 22:08:51', b'0', 121);
INSERT INTO `system_role_menu` VALUES (1746, 111, 100, '1', '2022-09-21 22:08:52', '1', '2022-09-21 22:08:52', b'0', 122);
INSERT INTO `system_role_menu` VALUES (1747, 111, 101, '1', '2022-09-21 22:08:52', '1', '2022-09-21 22:08:52', b'0', 122);
INSERT INTO `system_role_menu` VALUES (1748, 111, 1063, '1', '2022-09-21 22:08:52', '1', '2022-09-21 22:08:52', b'0', 122);
INSERT INTO `system_role_menu` VALUES (1749, 111, 1064, '1', '2022-09-21 22:08:52', '1', '2022-09-21 22:08:52', b'0', 122);
INSERT INTO `system_role_menu` VALUES (1750, 111, 1001, '1', '2022-09-21 22:08:52', '1', '2022-09-21 22:08:52', b'0', 122);
INSERT INTO `system_role_menu` VALUES (1751, 111, 1065, '1', '2022-09-21 22:08:52', '1', '2022-09-21 22:08:52', b'0', 122);
INSERT INTO `system_role_menu` VALUES (1752, 111, 1002, '1', '2022-09-21 22:08:52', '1', '2022-09-21 22:08:52', b'0', 122);
INSERT INTO `system_role_menu` VALUES (1753, 111, 1003, '1', '2022-09-21 22:08:52', '1', '2022-09-21 22:08:52', b'0', 122);
INSERT INTO `system_role_menu` VALUES (1754, 111, 1004, '1', '2022-09-21 22:08:52', '1', '2022-09-21 22:08:52', b'0', 122);
INSERT INTO `system_role_menu` VALUES (1755, 111, 1005, '1', '2022-09-21 22:08:52', '1', '2022-09-21 22:08:52', b'0', 122);
INSERT INTO `system_role_menu` VALUES (1756, 111, 1006, '1', '2022-09-21 22:08:52', '1', '2022-09-21 22:08:52', b'0', 122);
INSERT INTO `system_role_menu` VALUES (1757, 111, 1007, '1', '2022-09-21 22:08:52', '1', '2022-09-21 22:08:52', b'0', 122);
INSERT INTO `system_role_menu` VALUES (1758, 111, 1008, '1', '2022-09-21 22:08:52', '1', '2022-09-21 22:08:52', b'0', 122);
INSERT INTO `system_role_menu` VALUES (1759, 111, 1009, '1', '2022-09-21 22:08:52', '1', '2022-09-21 22:08:52', b'0', 122);
INSERT INTO `system_role_menu` VALUES (1760, 111, 1010, '1', '2022-09-21 22:08:52', '1', '2022-09-21 22:08:52', b'0', 122);
INSERT INTO `system_role_menu` VALUES (1761, 111, 1011, '1', '2022-09-21 22:08:52', '1', '2022-09-21 22:08:52', b'0', 122);
INSERT INTO `system_role_menu` VALUES (1762, 111, 1012, '1', '2022-09-21 22:08:52', '1', '2022-09-21 22:08:52', b'0', 122);
INSERT INTO `system_role_menu` VALUES (1763, 109, 100, '1', '2022-09-21 22:08:53', '1', '2022-09-21 22:08:53', b'0', 121);
INSERT INTO `system_role_menu` VALUES (1764, 109, 101, '1', '2022-09-21 22:08:53', '1', '2022-09-21 22:08:53', b'0', 121);
INSERT INTO `system_role_menu` VALUES (1765, 109, 1063, '1', '2022-09-21 22:08:53', '1', '2022-09-21 22:08:53', b'0', 121);
INSERT INTO `system_role_menu` VALUES (1766, 109, 1064, '1', '2022-09-21 22:08:53', '1', '2022-09-21 22:08:53', b'0', 121);
INSERT INTO `system_role_menu` VALUES (1767, 109, 1001, '1', '2022-09-21 22:08:53', '1', '2022-09-21 22:08:53', b'0', 121);
INSERT INTO `system_role_menu` VALUES (1768, 109, 1065, '1', '2022-09-21 22:08:53', '1', '2022-09-21 22:08:53', b'0', 121);
INSERT INTO `system_role_menu` VALUES (1769, 109, 1002, '1', '2022-09-21 22:08:53', '1', '2022-09-21 22:08:53', b'0', 121);
INSERT INTO `system_role_menu` VALUES (1770, 109, 1003, '1', '2022-09-21 22:08:53', '1', '2022-09-21 22:08:53', b'0', 121);
INSERT INTO `system_role_menu` VALUES (1771, 109, 1004, '1', '2022-09-21 22:08:53', '1', '2022-09-21 22:08:53', b'0', 121);
INSERT INTO `system_role_menu` VALUES (1772, 109, 1005, '1', '2022-09-21 22:08:53', '1', '2022-09-21 22:08:53', b'0', 121);
INSERT INTO `system_role_menu` VALUES (1773, 109, 1006, '1', '2022-09-21 22:08:53', '1', '2022-09-21 22:08:53', b'0', 121);
INSERT INTO `system_role_menu` VALUES (1774, 109, 1007, '1', '2022-09-21 22:08:53', '1', '2022-09-21 22:08:53', b'0', 121);
INSERT INTO `system_role_menu` VALUES (1775, 109, 1008, '1', '2022-09-21 22:08:53', '1', '2022-09-21 22:08:53', b'0', 121);
INSERT INTO `system_role_menu` VALUES (1776, 109, 1009, '1', '2022-09-21 22:08:53', '1', '2022-09-21 22:08:53', b'0', 121);
INSERT INTO `system_role_menu` VALUES (1777, 109, 1010, '1', '2022-09-21 22:08:53', '1', '2022-09-21 22:08:53', b'0', 121);
INSERT INTO `system_role_menu` VALUES (1778, 109, 1011, '1', '2022-09-21 22:08:53', '1', '2022-09-21 22:08:53', b'0', 121);
INSERT INTO `system_role_menu` VALUES (1779, 109, 1012, '1', '2022-09-21 22:08:53', '1', '2022-09-21 22:08:53', b'0', 121);
INSERT INTO `system_role_menu` VALUES (1780, 111, 100, '1', '2022-09-21 22:08:54', '1', '2022-09-21 22:08:54', b'0', 122);
INSERT INTO `system_role_menu` VALUES (1781, 111, 101, '1', '2022-09-21 22:08:54', '1', '2022-09-21 22:08:54', b'0', 122);
INSERT INTO `system_role_menu` VALUES (1782, 111, 1063, '1', '2022-09-21 22:08:54', '1', '2022-09-21 22:08:54', b'0', 122);
INSERT INTO `system_role_menu` VALUES (1783, 111, 1064, '1', '2022-09-21 22:08:54', '1', '2022-09-21 22:08:54', b'0', 122);
INSERT INTO `system_role_menu` VALUES (1784, 111, 1001, '1', '2022-09-21 22:08:54', '1', '2022-09-21 22:08:54', b'0', 122);
INSERT INTO `system_role_menu` VALUES (1785, 111, 1065, '1', '2022-09-21 22:08:54', '1', '2022-09-21 22:08:54', b'0', 122);
INSERT INTO `system_role_menu` VALUES (1786, 111, 1002, '1', '2022-09-21 22:08:54', '1', '2022-09-21 22:08:54', b'0', 122);
INSERT INTO `system_role_menu` VALUES (1787, 111, 1003, '1', '2022-09-21 22:08:54', '1', '2022-09-21 22:08:54', b'0', 122);
INSERT INTO `system_role_menu` VALUES (1788, 111, 1004, '1', '2022-09-21 22:08:54', '1', '2022-09-21 22:08:54', b'0', 122);
INSERT INTO `system_role_menu` VALUES (1789, 111, 1005, '1', '2022-09-21 22:08:54', '1', '2022-09-21 22:08:54', b'0', 122);
INSERT INTO `system_role_menu` VALUES (1790, 111, 1006, '1', '2022-09-21 22:08:54', '1', '2022-09-21 22:08:54', b'0', 122);
INSERT INTO `system_role_menu` VALUES (1791, 111, 1007, '1', '2022-09-21 22:08:54', '1', '2022-09-21 22:08:54', b'0', 122);
INSERT INTO `system_role_menu` VALUES (1792, 111, 1008, '1', '2022-09-21 22:08:54', '1', '2022-09-21 22:08:54', b'0', 122);
INSERT INTO `system_role_menu` VALUES (1793, 111, 1009, '1', '2022-09-21 22:08:54', '1', '2022-09-21 22:08:54', b'0', 122);
INSERT INTO `system_role_menu` VALUES (1794, 111, 1010, '1', '2022-09-21 22:08:54', '1', '2022-09-21 22:08:54', b'0', 122);
INSERT INTO `system_role_menu` VALUES (1795, 111, 1011, '1', '2022-09-21 22:08:54', '1', '2022-09-21 22:08:54', b'0', 122);
INSERT INTO `system_role_menu` VALUES (1796, 111, 1012, '1', '2022-09-21 22:08:54', '1', '2022-09-21 22:08:54', b'0', 122);
INSERT INTO `system_role_menu` VALUES (1797, 109, 100, '1', '2022-09-21 22:08:55', '1', '2022-09-21 22:08:55', b'0', 121);
INSERT INTO `system_role_menu` VALUES (1798, 109, 101, '1', '2022-09-21 22:08:55', '1', '2022-09-21 22:08:55', b'0', 121);
INSERT INTO `system_role_menu` VALUES (1799, 109, 1063, '1', '2022-09-21 22:08:55', '1', '2022-09-21 22:08:55', b'0', 121);
INSERT INTO `system_role_menu` VALUES (1800, 109, 1064, '1', '2022-09-21 22:08:55', '1', '2022-09-21 22:08:55', b'0', 121);
INSERT INTO `system_role_menu` VALUES (1801, 109, 1001, '1', '2022-09-21 22:08:55', '1', '2022-09-21 22:08:55', b'0', 121);
INSERT INTO `system_role_menu` VALUES (1802, 109, 1065, '1', '2022-09-21 22:08:55', '1', '2022-09-21 22:08:55', b'0', 121);
INSERT INTO `system_role_menu` VALUES (1803, 109, 1002, '1', '2022-09-21 22:08:55', '1', '2022-09-21 22:08:55', b'0', 121);
INSERT INTO `system_role_menu` VALUES (1804, 109, 1003, '1', '2022-09-21 22:08:55', '1', '2022-09-21 22:08:55', b'0', 121);
INSERT INTO `system_role_menu` VALUES (1805, 109, 1004, '1', '2022-09-21 22:08:55', '1', '2022-09-21 22:08:55', b'0', 121);
INSERT INTO `system_role_menu` VALUES (1806, 109, 1005, '1', '2022-09-21 22:08:55', '1', '2022-09-21 22:08:55', b'0', 121);
INSERT INTO `system_role_menu` VALUES (1807, 109, 1006, '1', '2022-09-21 22:08:55', '1', '2022-09-21 22:08:55', b'0', 121);
INSERT INTO `system_role_menu` VALUES (1808, 109, 1007, '1', '2022-09-21 22:08:55', '1', '2022-09-21 22:08:55', b'0', 121);
INSERT INTO `system_role_menu` VALUES (1809, 109, 1008, '1', '2022-09-21 22:08:55', '1', '2022-09-21 22:08:55', b'0', 121);
INSERT INTO `system_role_menu` VALUES (1810, 109, 1009, '1', '2022-09-21 22:08:55', '1', '2022-09-21 22:08:55', b'0', 121);
INSERT INTO `system_role_menu` VALUES (1811, 109, 1010, '1', '2022-09-21 22:08:55', '1', '2022-09-21 22:08:55', b'0', 121);
INSERT INTO `system_role_menu` VALUES (1812, 109, 1011, '1', '2022-09-21 22:08:55', '1', '2022-09-21 22:08:55', b'0', 121);
INSERT INTO `system_role_menu` VALUES (1813, 109, 1012, '1', '2022-09-21 22:08:55', '1', '2022-09-21 22:08:55', b'0', 121);
INSERT INTO `system_role_menu` VALUES (1814, 111, 100, '1', '2022-09-21 22:08:56', '1', '2022-09-21 22:08:56', b'0', 122);
INSERT INTO `system_role_menu` VALUES (1815, 111, 101, '1', '2022-09-21 22:08:56', '1', '2022-09-21 22:08:56', b'0', 122);
INSERT INTO `system_role_menu` VALUES (1816, 111, 1063, '1', '2022-09-21 22:08:56', '1', '2022-09-21 22:08:56', b'0', 122);
INSERT INTO `system_role_menu` VALUES (1817, 111, 1064, '1', '2022-09-21 22:08:56', '1', '2022-09-21 22:08:56', b'0', 122);
INSERT INTO `system_role_menu` VALUES (1818, 111, 1001, '1', '2022-09-21 22:08:56', '1', '2022-09-21 22:08:56', b'0', 122);
INSERT INTO `system_role_menu` VALUES (1819, 111, 1065, '1', '2022-09-21 22:08:56', '1', '2022-09-21 22:08:56', b'0', 122);
INSERT INTO `system_role_menu` VALUES (1820, 111, 1002, '1', '2022-09-21 22:08:56', '1', '2022-09-21 22:08:56', b'0', 122);
INSERT INTO `system_role_menu` VALUES (1821, 111, 1003, '1', '2022-09-21 22:08:56', '1', '2022-09-21 22:08:56', b'0', 122);
INSERT INTO `system_role_menu` VALUES (1822, 111, 1004, '1', '2022-09-21 22:08:56', '1', '2022-09-21 22:08:56', b'0', 122);
INSERT INTO `system_role_menu` VALUES (1823, 111, 1005, '1', '2022-09-21 22:08:56', '1', '2022-09-21 22:08:56', b'0', 122);
INSERT INTO `system_role_menu` VALUES (1824, 111, 1006, '1', '2022-09-21 22:08:56', '1', '2022-09-21 22:08:56', b'0', 122);
INSERT INTO `system_role_menu` VALUES (1825, 111, 1007, '1', '2022-09-21 22:08:56', '1', '2022-09-21 22:08:56', b'0', 122);
INSERT INTO `system_role_menu` VALUES (1826, 111, 1008, '1', '2022-09-21 22:08:56', '1', '2022-09-21 22:08:56', b'0', 122);
INSERT INTO `system_role_menu` VALUES (1827, 111, 1009, '1', '2022-09-21 22:08:56', '1', '2022-09-21 22:08:56', b'0', 122);
INSERT INTO `system_role_menu` VALUES (1828, 111, 1010, '1', '2022-09-21 22:08:56', '1', '2022-09-21 22:08:56', b'0', 122);
INSERT INTO `system_role_menu` VALUES (1829, 111, 1011, '1', '2022-09-21 22:08:56', '1', '2022-09-21 22:08:56', b'0', 122);
INSERT INTO `system_role_menu` VALUES (1830, 111, 1012, '1', '2022-09-21 22:08:56', '1', '2022-09-21 22:08:56', b'0', 122);
INSERT INTO `system_role_menu` VALUES (1831, 109, 103, '1', '2022-09-21 22:43:23', '1', '2022-09-21 22:43:23', b'0', 121);
INSERT INTO `system_role_menu` VALUES (1832, 109, 1017, '1', '2022-09-21 22:43:23', '1', '2022-09-21 22:43:23', b'0', 121);
INSERT INTO `system_role_menu` VALUES (1833, 109, 1018, '1', '2022-09-21 22:43:23', '1', '2022-09-21 22:43:23', b'0', 121);
INSERT INTO `system_role_menu` VALUES (1834, 109, 1019, '1', '2022-09-21 22:43:23', '1', '2022-09-21 22:43:23', b'0', 121);
INSERT INTO `system_role_menu` VALUES (1835, 109, 1020, '1', '2022-09-21 22:43:23', '1', '2022-09-21 22:43:23', b'0', 121);
INSERT INTO `system_role_menu` VALUES (1836, 111, 103, '1', '2022-09-21 22:43:24', '1', '2022-09-21 22:43:24', b'0', 122);
INSERT INTO `system_role_menu` VALUES (1837, 111, 1017, '1', '2022-09-21 22:43:24', '1', '2022-09-21 22:43:24', b'0', 122);
INSERT INTO `system_role_menu` VALUES (1838, 111, 1018, '1', '2022-09-21 22:43:24', '1', '2022-09-21 22:43:24', b'0', 122);
INSERT INTO `system_role_menu` VALUES (1839, 111, 1019, '1', '2022-09-21 22:43:24', '1', '2022-09-21 22:43:24', b'0', 122);
INSERT INTO `system_role_menu` VALUES (1840, 111, 1020, '1', '2022-09-21 22:43:24', '1', '2022-09-21 22:43:24', b'0', 122);
INSERT INTO `system_role_menu` VALUES (1841, 109, 1036, '1', '2022-09-21 22:48:13', '1', '2022-09-21 22:48:13', b'0', 121);
INSERT INTO `system_role_menu` VALUES (1842, 109, 1037, '1', '2022-09-21 22:48:13', '1', '2022-09-21 22:48:13', b'0', 121);
INSERT INTO `system_role_menu` VALUES (1843, 109, 1038, '1', '2022-09-21 22:48:13', '1', '2022-09-21 22:48:13', b'0', 121);
INSERT INTO `system_role_menu` VALUES (1844, 109, 1039, '1', '2022-09-21 22:48:13', '1', '2022-09-21 22:48:13', b'0', 121);
INSERT INTO `system_role_menu` VALUES (1845, 109, 107, '1', '2022-09-21 22:48:13', '1', '2022-09-21 22:48:13', b'0', 121);
INSERT INTO `system_role_menu` VALUES (1846, 111, 1036, '1', '2022-09-21 22:48:13', '1', '2022-09-21 22:48:13', b'0', 122);
INSERT INTO `system_role_menu` VALUES (1847, 111, 1037, '1', '2022-09-21 22:48:13', '1', '2022-09-21 22:48:13', b'0', 122);
INSERT INTO `system_role_menu` VALUES (1848, 111, 1038, '1', '2022-09-21 22:48:13', '1', '2022-09-21 22:48:13', b'0', 122);
INSERT INTO `system_role_menu` VALUES (1849, 111, 1039, '1', '2022-09-21 22:48:13', '1', '2022-09-21 22:48:13', b'0', 122);
INSERT INTO `system_role_menu` VALUES (1850, 111, 107, '1', '2022-09-21 22:48:13', '1', '2022-09-21 22:48:13', b'0', 122);
INSERT INTO `system_role_menu` VALUES (1991, 2, 1024, '1', '2023-01-25 08:42:52', '1', '2023-01-25 08:42:52', b'0', 1);
INSERT INTO `system_role_menu` VALUES (1992, 2, 1025, '1', '2023-01-25 08:42:52', '1', '2023-01-25 08:42:52', b'0', 1);
INSERT INTO `system_role_menu` VALUES (1993, 2, 1026, '1', '2023-01-25 08:42:52', '1', '2023-01-25 08:42:52', b'0', 1);
INSERT INTO `system_role_menu` VALUES (1994, 2, 1027, '1', '2023-01-25 08:42:52', '1', '2023-01-25 08:42:52', b'0', 1);
INSERT INTO `system_role_menu` VALUES (1995, 2, 1028, '1', '2023-01-25 08:42:52', '1', '2023-01-25 08:42:52', b'0', 1);
INSERT INTO `system_role_menu` VALUES (1996, 2, 1029, '1', '2023-01-25 08:42:52', '1', '2023-01-25 08:42:52', b'0', 1);
INSERT INTO `system_role_menu` VALUES (1997, 2, 1030, '1', '2023-01-25 08:42:52', '1', '2023-01-25 08:42:52', b'0', 1);
INSERT INTO `system_role_menu` VALUES (1998, 2, 1031, '1', '2023-01-25 08:42:52', '1', '2023-01-25 08:42:52', b'0', 1);
INSERT INTO `system_role_menu` VALUES (1999, 2, 1032, '1', '2023-01-25 08:42:52', '1', '2023-01-25 08:42:52', b'0', 1);
INSERT INTO `system_role_menu` VALUES (2000, 2, 1033, '1', '2023-01-25 08:42:52', '1', '2023-01-25 08:42:52', b'0', 1);
INSERT INTO `system_role_menu` VALUES (2001, 2, 1034, '1', '2023-01-25 08:42:52', '1', '2023-01-25 08:42:52', b'0', 1);
INSERT INTO `system_role_menu` VALUES (2002, 2, 1035, '1', '2023-01-25 08:42:52', '1', '2023-01-25 08:42:52', b'0', 1);
INSERT INTO `system_role_menu` VALUES (2003, 2, 1036, '1', '2023-01-25 08:42:52', '1', '2023-01-25 08:42:52', b'0', 1);
INSERT INTO `system_role_menu` VALUES (2004, 2, 1037, '1', '2023-01-25 08:42:52', '1', '2023-01-25 08:42:52', b'0', 1);
INSERT INTO `system_role_menu` VALUES (2005, 2, 1038, '1', '2023-01-25 08:42:52', '1', '2023-01-25 08:42:52', b'0', 1);
INSERT INTO `system_role_menu` VALUES (2006, 2, 1039, '1', '2023-01-25 08:42:52', '1', '2023-01-25 08:42:52', b'0', 1);
INSERT INTO `system_role_menu` VALUES (2007, 2, 1040, '1', '2023-01-25 08:42:52', '1', '2023-01-25 08:42:52', b'0', 1);
INSERT INTO `system_role_menu` VALUES (2008, 2, 1042, '1', '2023-01-25 08:42:52', '1', '2023-01-25 08:42:52', b'0', 1);
INSERT INTO `system_role_menu` VALUES (2009, 2, 1043, '1', '2023-01-25 08:42:52', '1', '2023-01-25 08:42:52', b'0', 1);
INSERT INTO `system_role_menu` VALUES (2010, 2, 1045, '1', '2023-01-25 08:42:52', '1', '2023-01-25 08:42:52', b'0', 1);
INSERT INTO `system_role_menu` VALUES (2011, 2, 1046, '1', '2023-01-25 08:42:52', '1', '2023-01-25 08:42:52', b'0', 1);
INSERT INTO `system_role_menu` VALUES (2012, 2, 1048, '1', '2023-01-25 08:42:52', '1', '2023-01-25 08:42:52', b'0', 1);
INSERT INTO `system_role_menu` VALUES (2013, 2, 1050, '1', '2023-01-25 08:42:52', '1', '2023-01-25 08:42:52', b'0', 1);
INSERT INTO `system_role_menu` VALUES (2014, 2, 1051, '1', '2023-01-25 08:42:52', '1', '2023-01-25 08:42:52', b'0', 1);
INSERT INTO `system_role_menu` VALUES (2015, 2, 1052, '1', '2023-01-25 08:42:52', '1', '2023-01-25 08:42:52', b'0', 1);
INSERT INTO `system_role_menu` VALUES (2016, 2, 1053, '1', '2023-01-25 08:42:52', '1', '2023-01-25 08:42:52', b'0', 1);
INSERT INTO `system_role_menu` VALUES (2017, 2, 1054, '1', '2023-01-25 08:42:52', '1', '2023-01-25 08:42:52', b'0', 1);
INSERT INTO `system_role_menu` VALUES (2018, 2, 1056, '1', '2023-01-25 08:42:52', '1', '2023-01-25 08:42:52', b'0', 1);
INSERT INTO `system_role_menu` VALUES (2019, 2, 1057, '1', '2023-01-25 08:42:52', '1', '2023-01-25 08:42:52', b'0', 1);
INSERT INTO `system_role_menu` VALUES (2020, 2, 1058, '1', '2023-01-25 08:42:52', '1', '2023-01-25 08:42:52', b'0', 1);
INSERT INTO `system_role_menu` VALUES (2021, 2, 2083, '1', '2023-01-25 08:42:52', '1', '2023-01-25 08:42:52', b'0', 1);
INSERT INTO `system_role_menu` VALUES (2022, 2, 1059, '1', '2023-01-25 08:42:52', '1', '2023-01-25 08:42:52', b'0', 1);
INSERT INTO `system_role_menu` VALUES (2023, 2, 1060, '1', '2023-01-25 08:42:52', '1', '2023-01-25 08:42:52', b'0', 1);
INSERT INTO `system_role_menu` VALUES (2024, 2, 1063, '1', '2023-01-25 08:42:52', '1', '2023-01-25 08:42:52', b'0', 1);
INSERT INTO `system_role_menu` VALUES (2025, 2, 1064, '1', '2023-01-25 08:42:52', '1', '2023-01-25 08:42:52', b'0', 1);
INSERT INTO `system_role_menu` VALUES (2026, 2, 1065, '1', '2023-01-25 08:42:52', '1', '2023-01-25 08:42:52', b'0', 1);
INSERT INTO `system_role_menu` VALUES (2027, 2, 1066, '1', '2023-01-25 08:42:52', '1', '2023-01-25 08:42:52', b'0', 1);
INSERT INTO `system_role_menu` VALUES (2028, 2, 1067, '1', '2023-01-25 08:42:52', '1', '2023-01-25 08:42:52', b'0', 1);
INSERT INTO `system_role_menu` VALUES (2029, 2, 1070, '1', '2023-01-25 08:42:52', '1', '2023-01-25 08:42:52', b'0', 1);
INSERT INTO `system_role_menu` VALUES (2034, 2, 1075, '1', '2023-01-25 08:42:52', '1', '2023-01-25 08:42:52', b'0', 1);
INSERT INTO `system_role_menu` VALUES (2036, 2, 1082, '1', '2023-01-25 08:42:52', '1', '2023-01-25 08:42:52', b'0', 1);
INSERT INTO `system_role_menu` VALUES (2037, 2, 1085, '1', '2023-01-25 08:42:52', '1', '2023-01-25 08:42:52', b'0', 1);
INSERT INTO `system_role_menu` VALUES (2038, 2, 1086, '1', '2023-01-25 08:42:52', '1', '2023-01-25 08:42:52', b'0', 1);
INSERT INTO `system_role_menu` VALUES (2039, 2, 1087, '1', '2023-01-25 08:42:52', '1', '2023-01-25 08:42:52', b'0', 1);
INSERT INTO `system_role_menu` VALUES (2040, 2, 1088, '1', '2023-01-25 08:42:52', '1', '2023-01-25 08:42:52', b'0', 1);
INSERT INTO `system_role_menu` VALUES (2041, 2, 1089, '1', '2023-01-25 08:42:52', '1', '2023-01-25 08:42:52', b'0', 1);
INSERT INTO `system_role_menu` VALUES (2042, 2, 1091, '1', '2023-01-25 08:42:52', '1', '2023-01-25 08:42:52', b'0', 1);
INSERT INTO `system_role_menu` VALUES (2043, 2, 1092, '1', '2023-01-25 08:42:52', '1', '2023-01-25 08:42:52', b'0', 1);
INSERT INTO `system_role_menu` VALUES (2044, 2, 1095, '1', '2023-01-25 08:42:52', '1', '2023-01-25 08:42:52', b'0', 1);
INSERT INTO `system_role_menu` VALUES (2045, 2, 1096, '1', '2023-01-25 08:42:52', '1', '2023-01-25 08:42:52', b'0', 1);
INSERT INTO `system_role_menu` VALUES (2046, 2, 1097, '1', '2023-01-25 08:42:52', '1', '2023-01-25 08:42:52', b'0', 1);
INSERT INTO `system_role_menu` VALUES (2047, 2, 1098, '1', '2023-01-25 08:42:52', '1', '2023-01-25 08:42:52', b'0', 1);
INSERT INTO `system_role_menu` VALUES (2048, 2, 1101, '1', '2023-01-25 08:42:52', '1', '2023-01-25 08:42:52', b'0', 1);
INSERT INTO `system_role_menu` VALUES (2049, 2, 1102, '1', '2023-01-25 08:42:52', '1', '2023-01-25 08:42:52', b'0', 1);
INSERT INTO `system_role_menu` VALUES (2050, 2, 1103, '1', '2023-01-25 08:42:52', '1', '2023-01-25 08:42:52', b'0', 1);
INSERT INTO `system_role_menu` VALUES (2051, 2, 1104, '1', '2023-01-25 08:42:52', '1', '2023-01-25 08:42:52', b'0', 1);
INSERT INTO `system_role_menu` VALUES (2052, 2, 1105, '1', '2023-01-25 08:42:52', '1', '2023-01-25 08:42:52', b'0', 1);
INSERT INTO `system_role_menu` VALUES (2053, 2, 1106, '1', '2023-01-25 08:42:52', '1', '2023-01-25 08:42:52', b'0', 1);
INSERT INTO `system_role_menu` VALUES (2054, 2, 1108, '1', '2023-01-25 08:42:52', '1', '2023-01-25 08:42:52', b'0', 1);
INSERT INTO `system_role_menu` VALUES (2055, 2, 1109, '1', '2023-01-25 08:42:52', '1', '2023-01-25 08:42:52', b'0', 1);
INSERT INTO `system_role_menu` VALUES (2072, 2, 114, '1', '2023-01-25 08:42:52', '1', '2023-01-25 08:42:52', b'0', 1);
INSERT INTO `system_role_menu` VALUES (2073, 2, 1139, '1', '2023-01-25 08:42:52', '1', '2023-01-25 08:42:52', b'0', 1);
INSERT INTO `system_role_menu` VALUES (2074, 2, 115, '1', '2023-01-25 08:42:52', '1', '2023-01-25 08:42:52', b'0', 1);
INSERT INTO `system_role_menu` VALUES (2075, 2, 1140, '1', '2023-01-25 08:42:52', '1', '2023-01-25 08:42:52', b'0', 1);
INSERT INTO `system_role_menu` VALUES (2076, 2, 116, '1', '2023-01-25 08:42:52', '1', '2023-01-25 08:42:52', b'0', 1);
INSERT INTO `system_role_menu` VALUES (2077, 2, 1141, '1', '2023-01-25 08:42:52', '1', '2023-01-25 08:42:52', b'0', 1);
INSERT INTO `system_role_menu` VALUES (2078, 2, 1142, '1', '2023-01-25 08:42:52', '1', '2023-01-25 08:42:52', b'0', 1);
INSERT INTO `system_role_menu` VALUES (2079, 2, 1143, '1', '2023-01-25 08:42:52', '1', '2023-01-25 08:42:52', b'0', 1);
INSERT INTO `system_role_menu` VALUES (2099, 2, 1226, '1', '2023-01-25 08:42:52', '1', '2023-01-25 08:42:52', b'0', 1);
INSERT INTO `system_role_menu` VALUES (2100, 2, 1227, '1', '2023-01-25 08:42:52', '1', '2023-01-25 08:42:52', b'0', 1);
INSERT INTO `system_role_menu` VALUES (2101, 2, 1228, '1', '2023-01-25 08:42:52', '1', '2023-01-25 08:42:52', b'0', 1);
INSERT INTO `system_role_menu` VALUES (2102, 2, 1229, '1', '2023-01-25 08:42:52', '1', '2023-01-25 08:42:52', b'0', 1);
INSERT INTO `system_role_menu` VALUES (2103, 2, 1237, '1', '2023-01-25 08:42:52', '1', '2023-01-25 08:42:52', b'0', 1);
INSERT INTO `system_role_menu` VALUES (2104, 2, 1238, '1', '2023-01-25 08:42:52', '1', '2023-01-25 08:42:52', b'0', 1);
INSERT INTO `system_role_menu` VALUES (2105, 2, 1239, '1', '2023-01-25 08:42:52', '1', '2023-01-25 08:42:52', b'0', 1);
INSERT INTO `system_role_menu` VALUES (2106, 2, 1240, '1', '2023-01-25 08:42:52', '1', '2023-01-25 08:42:52', b'0', 1);
INSERT INTO `system_role_menu` VALUES (2107, 2, 1241, '1', '2023-01-25 08:42:52', '1', '2023-01-25 08:42:52', b'0', 1);
INSERT INTO `system_role_menu` VALUES (2108, 2, 1242, '1', '2023-01-25 08:42:52', '1', '2023-01-25 08:42:52', b'0', 1);
INSERT INTO `system_role_menu` VALUES (2109, 2, 1243, '1', '2023-01-25 08:42:52', '1', '2023-01-25 08:42:52', b'0', 1);
INSERT INTO `system_role_menu` VALUES (2117, 2, 1255, '1', '2023-01-25 08:42:52', '1', '2023-01-25 08:42:52', b'0', 1);
INSERT INTO `system_role_menu` VALUES (2118, 2, 1256, '1', '2023-01-25 08:42:52', '1', '2023-01-25 08:42:52', b'0', 1);
INSERT INTO `system_role_menu` VALUES (2119, 2, 1257, '1', '2023-01-25 08:42:52', '1', '2023-01-25 08:42:52', b'0', 1);
INSERT INTO `system_role_menu` VALUES (2120, 2, 1258, '1', '2023-01-25 08:42:52', '1', '2023-01-25 08:42:52', b'0', 1);
INSERT INTO `system_role_menu` VALUES (2121, 2, 1259, '1', '2023-01-25 08:42:52', '1', '2023-01-25 08:42:52', b'0', 1);
INSERT INTO `system_role_menu` VALUES (2122, 2, 1260, '1', '2023-01-25 08:42:52', '1', '2023-01-25 08:42:52', b'0', 1);
INSERT INTO `system_role_menu` VALUES (2123, 2, 1261, '1', '2023-01-25 08:42:52', '1', '2023-01-25 08:42:52', b'0', 1);
INSERT INTO `system_role_menu` VALUES (2124, 2, 1263, '1', '2023-01-25 08:42:52', '1', '2023-01-25 08:42:52', b'0', 1);
INSERT INTO `system_role_menu` VALUES (2125, 2, 1264, '1', '2023-01-25 08:42:52', '1', '2023-01-25 08:42:52', b'0', 1);
INSERT INTO `system_role_menu` VALUES (2126, 2, 1265, '1', '2023-01-25 08:42:52', '1', '2023-01-25 08:42:52', b'0', 1);
INSERT INTO `system_role_menu` VALUES (2127, 2, 1266, '1', '2023-01-25 08:42:52', '1', '2023-01-25 08:42:52', b'0', 1);
INSERT INTO `system_role_menu` VALUES (2128, 2, 1267, '1', '2023-01-25 08:42:52', '1', '2023-01-25 08:42:52', b'0', 1);
INSERT INTO `system_role_menu` VALUES (2129, 2, 1001, '1', '2023-01-25 08:42:52', '1', '2023-01-25 08:42:52', b'0', 1);
INSERT INTO `system_role_menu` VALUES (2130, 2, 1002, '1', '2023-01-25 08:42:52', '1', '2023-01-25 08:42:52', b'0', 1);
INSERT INTO `system_role_menu` VALUES (2131, 2, 1003, '1', '2023-01-25 08:42:52', '1', '2023-01-25 08:42:52', b'0', 1);
INSERT INTO `system_role_menu` VALUES (2132, 2, 1004, '1', '2023-01-25 08:42:52', '1', '2023-01-25 08:42:52', b'0', 1);
INSERT INTO `system_role_menu` VALUES (2133, 2, 1005, '1', '2023-01-25 08:42:52', '1', '2023-01-25 08:42:52', b'0', 1);
INSERT INTO `system_role_menu` VALUES (2134, 2, 1006, '1', '2023-01-25 08:42:52', '1', '2023-01-25 08:42:52', b'0', 1);
INSERT INTO `system_role_menu` VALUES (2135, 2, 1007, '1', '2023-01-25 08:42:52', '1', '2023-01-25 08:42:52', b'0', 1);
INSERT INTO `system_role_menu` VALUES (2136, 2, 1008, '1', '2023-01-25 08:42:52', '1', '2023-01-25 08:42:52', b'0', 1);
INSERT INTO `system_role_menu` VALUES (2137, 2, 1009, '1', '2023-01-25 08:42:52', '1', '2023-01-25 08:42:52', b'0', 1);
INSERT INTO `system_role_menu` VALUES (2138, 2, 1010, '1', '2023-01-25 08:42:52', '1', '2023-01-25 08:42:52', b'0', 1);
INSERT INTO `system_role_menu` VALUES (2139, 2, 1011, '1', '2023-01-25 08:42:52', '1', '2023-01-25 08:42:52', b'0', 1);
INSERT INTO `system_role_menu` VALUES (2140, 2, 1012, '1', '2023-01-25 08:42:52', '1', '2023-01-25 08:42:52', b'0', 1);
INSERT INTO `system_role_menu` VALUES (2141, 2, 1013, '1', '2023-01-25 08:42:52', '1', '2023-01-25 08:42:52', b'0', 1);
INSERT INTO `system_role_menu` VALUES (2142, 2, 1014, '1', '2023-01-25 08:42:52', '1', '2023-01-25 08:42:52', b'0', 1);
INSERT INTO `system_role_menu` VALUES (2143, 2, 1015, '1', '2023-01-25 08:42:52', '1', '2023-01-25 08:42:52', b'0', 1);
INSERT INTO `system_role_menu` VALUES (2144, 2, 1016, '1', '2023-01-25 08:42:52', '1', '2023-01-25 08:42:52', b'0', 1);
INSERT INTO `system_role_menu` VALUES (2145, 2, 1017, '1', '2023-01-25 08:42:52', '1', '2023-01-25 08:42:52', b'0', 1);
INSERT INTO `system_role_menu` VALUES (2146, 2, 1018, '1', '2023-01-25 08:42:52', '1', '2023-01-25 08:42:52', b'0', 1);
INSERT INTO `system_role_menu` VALUES (2147, 2, 1019, '1', '2023-01-25 08:42:52', '1', '2023-01-25 08:42:52', b'0', 1);
INSERT INTO `system_role_menu` VALUES (2148, 2, 1020, '1', '2023-01-25 08:42:52', '1', '2023-01-25 08:42:52', b'0', 1);
INSERT INTO `system_role_menu` VALUES (2149, 2, 1021, '1', '2023-01-25 08:42:52', '1', '2023-01-25 08:42:52', b'0', 1);
INSERT INTO `system_role_menu` VALUES (2150, 2, 1022, '1', '2023-01-25 08:42:52', '1', '2023-01-25 08:42:52', b'0', 1);
INSERT INTO `system_role_menu` VALUES (2151, 2, 1023, '1', '2023-01-25 08:42:52', '1', '2023-01-25 08:42:52', b'0', 1);
INSERT INTO `system_role_menu` VALUES (2188, 101, 1024, '1', '2023-02-09 23:49:46', '1', '2023-02-09 23:49:46', b'0', 1);
INSERT INTO `system_role_menu` VALUES (2189, 101, 1, '1', '2023-02-09 23:49:46', '1', '2023-02-09 23:49:46', b'0', 1);
INSERT INTO `system_role_menu` VALUES (2190, 101, 1025, '1', '2023-02-09 23:49:46', '1', '2023-02-09 23:49:46', b'0', 1);
INSERT INTO `system_role_menu` VALUES (2191, 101, 1026, '1', '2023-02-09 23:49:46', '1', '2023-02-09 23:49:46', b'0', 1);
INSERT INTO `system_role_menu` VALUES (2192, 101, 1027, '1', '2023-02-09 23:49:46', '1', '2023-02-09 23:49:46', b'0', 1);
INSERT INTO `system_role_menu` VALUES (2193, 101, 1028, '1', '2023-02-09 23:49:46', '1', '2023-02-09 23:49:46', b'0', 1);
INSERT INTO `system_role_menu` VALUES (2194, 101, 1029, '1', '2023-02-09 23:49:46', '1', '2023-02-09 23:49:46', b'0', 1);
INSERT INTO `system_role_menu` VALUES (2195, 101, 1030, '1', '2023-02-09 23:49:46', '1', '2023-02-09 23:49:46', b'0', 1);
INSERT INTO `system_role_menu` VALUES (2196, 101, 1036, '1', '2023-02-09 23:49:46', '1', '2023-02-09 23:49:46', b'0', 1);
INSERT INTO `system_role_menu` VALUES (2197, 101, 1037, '1', '2023-02-09 23:49:46', '1', '2023-02-09 23:49:46', b'0', 1);
INSERT INTO `system_role_menu` VALUES (2198, 101, 1038, '1', '2023-02-09 23:49:46', '1', '2023-02-09 23:49:46', b'0', 1);
INSERT INTO `system_role_menu` VALUES (2199, 101, 1039, '1', '2023-02-09 23:49:46', '1', '2023-02-09 23:49:46', b'0', 1);
INSERT INTO `system_role_menu` VALUES (2200, 101, 1040, '1', '2023-02-09 23:49:46', '1', '2023-02-09 23:49:46', b'0', 1);
INSERT INTO `system_role_menu` VALUES (2201, 101, 1042, '1', '2023-02-09 23:49:46', '1', '2023-02-09 23:49:46', b'0', 1);
INSERT INTO `system_role_menu` VALUES (2202, 101, 1043, '1', '2023-02-09 23:49:46', '1', '2023-02-09 23:49:46', b'0', 1);
INSERT INTO `system_role_menu` VALUES (2203, 101, 1045, '1', '2023-02-09 23:49:46', '1', '2023-02-09 23:49:46', b'0', 1);
INSERT INTO `system_role_menu` VALUES (2204, 101, 1046, '1', '2023-02-09 23:49:46', '1', '2023-02-09 23:49:46', b'0', 1);
INSERT INTO `system_role_menu` VALUES (2205, 101, 1048, '1', '2023-02-09 23:49:46', '1', '2023-02-09 23:49:46', b'0', 1);
INSERT INTO `system_role_menu` VALUES (2206, 101, 2083, '1', '2023-02-09 23:49:46', '1', '2023-02-09 23:49:46', b'0', 1);
INSERT INTO `system_role_menu` VALUES (2207, 101, 1063, '1', '2023-02-09 23:49:46', '1', '2023-02-09 23:49:46', b'0', 1);
INSERT INTO `system_role_menu` VALUES (2208, 101, 1064, '1', '2023-02-09 23:49:46', '1', '2023-02-09 23:49:46', b'0', 1);
INSERT INTO `system_role_menu` VALUES (2209, 101, 1065, '1', '2023-02-09 23:49:46', '1', '2023-02-09 23:49:46', b'0', 1);
INSERT INTO `system_role_menu` VALUES (2210, 101, 1093, '1', '2023-02-09 23:49:46', '1', '2023-02-09 23:49:46', b'0', 1);
INSERT INTO `system_role_menu` VALUES (2211, 101, 1094, '1', '2023-02-09 23:49:46', '1', '2023-02-09 23:49:46', b'0', 1);
INSERT INTO `system_role_menu` VALUES (2212, 101, 1095, '1', '2023-02-09 23:49:46', '1', '2023-02-09 23:49:46', b'0', 1);
INSERT INTO `system_role_menu` VALUES (2213, 101, 1096, '1', '2023-02-09 23:49:46', '1', '2023-02-09 23:49:46', b'0', 1);
INSERT INTO `system_role_menu` VALUES (2214, 101, 1097, '1', '2023-02-09 23:49:46', '1', '2023-02-09 23:49:46', b'0', 1);
INSERT INTO `system_role_menu` VALUES (2215, 101, 1098, '1', '2023-02-09 23:49:46', '1', '2023-02-09 23:49:46', b'0', 1);
INSERT INTO `system_role_menu` VALUES (2216, 101, 1100, '1', '2023-02-09 23:49:46', '1', '2023-02-09 23:49:46', b'0', 1);
INSERT INTO `system_role_menu` VALUES (2217, 101, 1101, '1', '2023-02-09 23:49:46', '1', '2023-02-09 23:49:46', b'0', 1);
INSERT INTO `system_role_menu` VALUES (2218, 101, 1102, '1', '2023-02-09 23:49:46', '1', '2023-02-09 23:49:46', b'0', 1);
INSERT INTO `system_role_menu` VALUES (2219, 101, 1103, '1', '2023-02-09 23:49:46', '1', '2023-02-09 23:49:46', b'0', 1);
INSERT INTO `system_role_menu` VALUES (2220, 101, 1104, '1', '2023-02-09 23:49:46', '1', '2023-02-09 23:49:46', b'0', 1);
INSERT INTO `system_role_menu` VALUES (2221, 101, 1105, '1', '2023-02-09 23:49:46', '1', '2023-02-09 23:49:46', b'0', 1);
INSERT INTO `system_role_menu` VALUES (2222, 101, 1106, '1', '2023-02-09 23:49:46', '1', '2023-02-09 23:49:46', b'0', 1);
INSERT INTO `system_role_menu` VALUES (2223, 101, 2130, '1', '2023-02-09 23:49:46', '1', '2023-02-09 23:49:46', b'0', 1);
INSERT INTO `system_role_menu` VALUES (2224, 101, 1107, '1', '2023-02-09 23:49:46', '1', '2023-02-09 23:49:46', b'0', 1);
INSERT INTO `system_role_menu` VALUES (2225, 101, 2131, '1', '2023-02-09 23:49:46', '1', '2023-02-09 23:49:46', b'0', 1);
INSERT INTO `system_role_menu` VALUES (2226, 101, 1108, '1', '2023-02-09 23:49:46', '1', '2023-02-09 23:49:46', b'0', 1);
INSERT INTO `system_role_menu` VALUES (2227, 101, 2132, '1', '2023-02-09 23:49:46', '1', '2023-02-09 23:49:46', b'0', 1);
INSERT INTO `system_role_menu` VALUES (2228, 101, 1109, '1', '2023-02-09 23:49:46', '1', '2023-02-09 23:49:46', b'0', 1);
INSERT INTO `system_role_menu` VALUES (2229, 101, 2133, '1', '2023-02-09 23:49:46', '1', '2023-02-09 23:49:46', b'0', 1);
INSERT INTO `system_role_menu` VALUES (2230, 101, 2134, '1', '2023-02-09 23:49:46', '1', '2023-02-09 23:49:46', b'0', 1);
INSERT INTO `system_role_menu` VALUES (2232, 101, 2135, '1', '2023-02-09 23:49:46', '1', '2023-02-09 23:49:46', b'0', 1);
INSERT INTO `system_role_menu` VALUES (2234, 101, 2136, '1', '2023-02-09 23:49:46', '1', '2023-02-09 23:49:46', b'0', 1);
INSERT INTO `system_role_menu` VALUES (2236, 101, 2137, '1', '2023-02-09 23:49:46', '1', '2023-02-09 23:49:46', b'0', 1);
INSERT INTO `system_role_menu` VALUES (2238, 101, 2138, '1', '2023-02-09 23:49:46', '1', '2023-02-09 23:49:46', b'0', 1);
INSERT INTO `system_role_menu` VALUES (2240, 101, 2139, '1', '2023-02-09 23:49:46', '1', '2023-02-09 23:49:46', b'0', 1);
INSERT INTO `system_role_menu` VALUES (2242, 101, 2140, '1', '2023-02-09 23:49:46', '1', '2023-02-09 23:49:46', b'0', 1);
INSERT INTO `system_role_menu` VALUES (2243, 101, 2141, '1', '2023-02-09 23:49:46', '1', '2023-02-09 23:49:46', b'0', 1);
INSERT INTO `system_role_menu` VALUES (2244, 101, 2142, '1', '2023-02-09 23:49:46', '1', '2023-02-09 23:49:46', b'0', 1);
INSERT INTO `system_role_menu` VALUES (2245, 101, 2143, '1', '2023-02-09 23:49:46', '1', '2023-02-09 23:49:46', b'0', 1);
INSERT INTO `system_role_menu` VALUES (2246, 101, 2144, '1', '2023-02-09 23:49:46', '1', '2023-02-09 23:49:46', b'0', 1);
INSERT INTO `system_role_menu` VALUES (2247, 101, 2145, '1', '2023-02-09 23:49:46', '1', '2023-02-09 23:49:46', b'0', 1);
INSERT INTO `system_role_menu` VALUES (2248, 101, 2146, '1', '2023-02-09 23:49:46', '1', '2023-02-09 23:49:46', b'0', 1);
INSERT INTO `system_role_menu` VALUES (2249, 101, 2147, '1', '2023-02-09 23:49:46', '1', '2023-02-09 23:49:46', b'0', 1);
INSERT INTO `system_role_menu` VALUES (2250, 101, 100, '1', '2023-02-09 23:49:46', '1', '2023-02-09 23:49:46', b'0', 1);
INSERT INTO `system_role_menu` VALUES (2251, 101, 2148, '1', '2023-02-09 23:49:46', '1', '2023-02-09 23:49:46', b'0', 1);
INSERT INTO `system_role_menu` VALUES (2252, 101, 101, '1', '2023-02-09 23:49:46', '1', '2023-02-09 23:49:46', b'0', 1);
INSERT INTO `system_role_menu` VALUES (2253, 101, 2149, '1', '2023-02-09 23:49:46', '1', '2023-02-09 23:49:46', b'0', 1);
INSERT INTO `system_role_menu` VALUES (2254, 101, 102, '1', '2023-02-09 23:49:46', '1', '2023-02-09 23:49:46', b'0', 1);
INSERT INTO `system_role_menu` VALUES (2255, 101, 2150, '1', '2023-02-09 23:49:46', '1', '2023-02-09 23:49:46', b'0', 1);
INSERT INTO `system_role_menu` VALUES (2256, 101, 103, '1', '2023-02-09 23:49:46', '1', '2023-02-09 23:49:46', b'0', 1);
INSERT INTO `system_role_menu` VALUES (2257, 101, 2151, '1', '2023-02-09 23:49:46', '1', '2023-02-09 23:49:46', b'0', 1);
INSERT INTO `system_role_menu` VALUES (2258, 101, 104, '1', '2023-02-09 23:49:46', '1', '2023-02-09 23:49:46', b'0', 1);
INSERT INTO `system_role_menu` VALUES (2259, 101, 2152, '1', '2023-02-09 23:49:46', '1', '2023-02-09 23:49:46', b'0', 1);
INSERT INTO `system_role_menu` VALUES (2260, 101, 105, '1', '2023-02-09 23:49:46', '1', '2023-02-09 23:49:46', b'0', 1);
INSERT INTO `system_role_menu` VALUES (2261, 101, 107, '1', '2023-02-09 23:49:46', '1', '2023-02-09 23:49:46', b'0', 1);
INSERT INTO `system_role_menu` VALUES (2262, 101, 108, '1', '2023-02-09 23:49:46', '1', '2023-02-09 23:49:46', b'0', 1);
INSERT INTO `system_role_menu` VALUES (2263, 101, 109, '1', '2023-02-09 23:49:46', '1', '2023-02-09 23:49:46', b'0', 1);
INSERT INTO `system_role_menu` VALUES (2264, 101, 1138, '1', '2023-02-09 23:49:46', '1', '2023-02-09 23:49:46', b'0', 1);
INSERT INTO `system_role_menu` VALUES (2265, 101, 1139, '1', '2023-02-09 23:49:46', '1', '2023-02-09 23:49:46', b'0', 1);
INSERT INTO `system_role_menu` VALUES (2266, 101, 1140, '1', '2023-02-09 23:49:46', '1', '2023-02-09 23:49:46', b'0', 1);
INSERT INTO `system_role_menu` VALUES (2267, 101, 1141, '1', '2023-02-09 23:49:46', '1', '2023-02-09 23:49:46', b'0', 1);
INSERT INTO `system_role_menu` VALUES (2268, 101, 1142, '1', '2023-02-09 23:49:46', '1', '2023-02-09 23:49:46', b'0', 1);
INSERT INTO `system_role_menu` VALUES (2269, 101, 1143, '1', '2023-02-09 23:49:46', '1', '2023-02-09 23:49:46', b'0', 1);
INSERT INTO `system_role_menu` VALUES (2270, 101, 1224, '1', '2023-02-09 23:49:46', '1', '2023-02-09 23:49:46', b'0', 1);
INSERT INTO `system_role_menu` VALUES (2271, 101, 1225, '1', '2023-02-09 23:49:46', '1', '2023-02-09 23:49:46', b'0', 1);
INSERT INTO `system_role_menu` VALUES (2272, 101, 1226, '1', '2023-02-09 23:49:46', '1', '2023-02-09 23:49:46', b'0', 1);
INSERT INTO `system_role_menu` VALUES (2273, 101, 1227, '1', '2023-02-09 23:49:46', '1', '2023-02-09 23:49:46', b'0', 1);
INSERT INTO `system_role_menu` VALUES (2274, 101, 1228, '1', '2023-02-09 23:49:46', '1', '2023-02-09 23:49:46', b'0', 1);
INSERT INTO `system_role_menu` VALUES (2275, 101, 1229, '1', '2023-02-09 23:49:46', '1', '2023-02-09 23:49:46', b'0', 1);
INSERT INTO `system_role_menu` VALUES (2282, 101, 1261, '1', '2023-02-09 23:49:46', '1', '2023-02-09 23:49:46', b'0', 1);
INSERT INTO `system_role_menu` VALUES (2283, 101, 1263, '1', '2023-02-09 23:49:46', '1', '2023-02-09 23:49:46', b'0', 1);
INSERT INTO `system_role_menu` VALUES (2284, 101, 1264, '1', '2023-02-09 23:49:46', '1', '2023-02-09 23:49:46', b'0', 1);
INSERT INTO `system_role_menu` VALUES (2285, 101, 1265, '1', '2023-02-09 23:49:46', '1', '2023-02-09 23:49:46', b'0', 1);
INSERT INTO `system_role_menu` VALUES (2286, 101, 1266, '1', '2023-02-09 23:49:46', '1', '2023-02-09 23:49:46', b'0', 1);
INSERT INTO `system_role_menu` VALUES (2287, 101, 1267, '1', '2023-02-09 23:49:46', '1', '2023-02-09 23:49:46', b'0', 1);
INSERT INTO `system_role_menu` VALUES (2288, 101, 1001, '1', '2023-02-09 23:49:46', '1', '2023-02-09 23:49:46', b'0', 1);
INSERT INTO `system_role_menu` VALUES (2289, 101, 1002, '1', '2023-02-09 23:49:46', '1', '2023-02-09 23:49:46', b'0', 1);
INSERT INTO `system_role_menu` VALUES (2290, 101, 1003, '1', '2023-02-09 23:49:46', '1', '2023-02-09 23:49:46', b'0', 1);
INSERT INTO `system_role_menu` VALUES (2291, 101, 1004, '1', '2023-02-09 23:49:46', '1', '2023-02-09 23:49:46', b'0', 1);
INSERT INTO `system_role_menu` VALUES (2292, 101, 1005, '1', '2023-02-09 23:49:46', '1', '2023-02-09 23:49:46', b'0', 1);
INSERT INTO `system_role_menu` VALUES (2293, 101, 1006, '1', '2023-02-09 23:49:46', '1', '2023-02-09 23:49:46', b'0', 1);
INSERT INTO `system_role_menu` VALUES (2294, 101, 1007, '1', '2023-02-09 23:49:46', '1', '2023-02-09 23:49:46', b'0', 1);
INSERT INTO `system_role_menu` VALUES (2295, 101, 1008, '1', '2023-02-09 23:49:46', '1', '2023-02-09 23:49:46', b'0', 1);
INSERT INTO `system_role_menu` VALUES (2296, 101, 1009, '1', '2023-02-09 23:49:46', '1', '2023-02-09 23:49:46', b'0', 1);
INSERT INTO `system_role_menu` VALUES (2297, 101, 1010, '1', '2023-02-09 23:49:46', '1', '2023-02-09 23:49:46', b'0', 1);
INSERT INTO `system_role_menu` VALUES (2298, 101, 1011, '1', '2023-02-09 23:49:46', '1', '2023-02-09 23:49:46', b'0', 1);
INSERT INTO `system_role_menu` VALUES (2299, 101, 1012, '1', '2023-02-09 23:49:46', '1', '2023-02-09 23:49:46', b'0', 1);
INSERT INTO `system_role_menu` VALUES (2300, 101, 500, '1', '2023-02-09 23:49:46', '1', '2023-02-09 23:49:46', b'0', 1);
INSERT INTO `system_role_menu` VALUES (2301, 101, 1013, '1', '2023-02-09 23:49:46', '1', '2023-02-09 23:49:46', b'0', 1);
INSERT INTO `system_role_menu` VALUES (2302, 101, 501, '1', '2023-02-09 23:49:46', '1', '2023-02-09 23:49:46', b'0', 1);
INSERT INTO `system_role_menu` VALUES (2303, 101, 1014, '1', '2023-02-09 23:49:46', '1', '2023-02-09 23:49:46', b'0', 1);
INSERT INTO `system_role_menu` VALUES (2304, 101, 1015, '1', '2023-02-09 23:49:46', '1', '2023-02-09 23:49:46', b'0', 1);
INSERT INTO `system_role_menu` VALUES (2305, 101, 1016, '1', '2023-02-09 23:49:46', '1', '2023-02-09 23:49:46', b'0', 1);
INSERT INTO `system_role_menu` VALUES (2306, 101, 1017, '1', '2023-02-09 23:49:46', '1', '2023-02-09 23:49:46', b'0', 1);
INSERT INTO `system_role_menu` VALUES (2307, 101, 1018, '1', '2023-02-09 23:49:46', '1', '2023-02-09 23:49:46', b'0', 1);
INSERT INTO `system_role_menu` VALUES (2308, 101, 1019, '1', '2023-02-09 23:49:46', '1', '2023-02-09 23:49:46', b'0', 1);
INSERT INTO `system_role_menu` VALUES (2309, 101, 1020, '1', '2023-02-09 23:49:46', '1', '2023-02-09 23:49:46', b'0', 1);
INSERT INTO `system_role_menu` VALUES (2310, 101, 1021, '1', '2023-02-09 23:49:46', '1', '2023-02-09 23:49:46', b'0', 1);
INSERT INTO `system_role_menu` VALUES (2311, 101, 1022, '1', '2023-02-09 23:49:46', '1', '2023-02-09 23:49:46', b'0', 1);
INSERT INTO `system_role_menu` VALUES (2312, 101, 1023, '1', '2023-02-09 23:49:46', '1', '2023-02-09 23:49:46', b'0', 1);
INSERT INTO `system_role_menu` VALUES (2929, 109, 1224, '1', '2023-12-02 23:19:40', '1', '2023-12-02 23:19:40', b'0', 121);
INSERT INTO `system_role_menu` VALUES (2930, 109, 1225, '1', '2023-12-02 23:19:40', '1', '2023-12-02 23:19:40', b'0', 121);
INSERT INTO `system_role_menu` VALUES (2931, 109, 1226, '1', '2023-12-02 23:19:40', '1', '2023-12-02 23:19:40', b'0', 121);
INSERT INTO `system_role_menu` VALUES (2932, 109, 1227, '1', '2023-12-02 23:19:40', '1', '2023-12-02 23:19:40', b'0', 121);
INSERT INTO `system_role_menu` VALUES (2933, 109, 1228, '1', '2023-12-02 23:19:40', '1', '2023-12-02 23:19:40', b'0', 121);
INSERT INTO `system_role_menu` VALUES (2934, 109, 1229, '1', '2023-12-02 23:19:40', '1', '2023-12-02 23:19:40', b'0', 121);
INSERT INTO `system_role_menu` VALUES (2935, 109, 1138, '1', '2023-12-02 23:19:40', '1', '2023-12-02 23:19:40', b'0', 121);
INSERT INTO `system_role_menu` VALUES (2936, 109, 1139, '1', '2023-12-02 23:19:40', '1', '2023-12-02 23:19:40', b'0', 121);
INSERT INTO `system_role_menu` VALUES (2937, 109, 1140, '1', '2023-12-02 23:19:40', '1', '2023-12-02 23:19:40', b'0', 121);
INSERT INTO `system_role_menu` VALUES (2938, 109, 1141, '1', '2023-12-02 23:19:40', '1', '2023-12-02 23:19:40', b'0', 121);
INSERT INTO `system_role_menu` VALUES (2939, 109, 1142, '1', '2023-12-02 23:19:40', '1', '2023-12-02 23:19:40', b'0', 121);
INSERT INTO `system_role_menu` VALUES (2940, 109, 1143, '1', '2023-12-02 23:19:40', '1', '2023-12-02 23:19:40', b'0', 121);
INSERT INTO `system_role_menu` VALUES (2941, 111, 1224, '1', '2023-12-02 23:19:40', '1', '2023-12-02 23:19:40', b'0', 122);
INSERT INTO `system_role_menu` VALUES (2942, 111, 1225, '1', '2023-12-02 23:19:40', '1', '2023-12-02 23:19:40', b'0', 122);
INSERT INTO `system_role_menu` VALUES (2943, 111, 1226, '1', '2023-12-02 23:19:40', '1', '2023-12-02 23:19:40', b'0', 122);
INSERT INTO `system_role_menu` VALUES (2944, 111, 1227, '1', '2023-12-02 23:19:40', '1', '2023-12-02 23:19:40', b'0', 122);
INSERT INTO `system_role_menu` VALUES (2945, 111, 1228, '1', '2023-12-02 23:19:40', '1', '2023-12-02 23:19:40', b'0', 122);
INSERT INTO `system_role_menu` VALUES (2946, 111, 1229, '1', '2023-12-02 23:19:40', '1', '2023-12-02 23:19:40', b'0', 122);
INSERT INTO `system_role_menu` VALUES (2947, 111, 1138, '1', '2023-12-02 23:19:40', '1', '2023-12-02 23:19:40', b'0', 122);
INSERT INTO `system_role_menu` VALUES (2948, 111, 1139, '1', '2023-12-02 23:19:40', '1', '2023-12-02 23:19:40', b'0', 122);
INSERT INTO `system_role_menu` VALUES (2949, 111, 1140, '1', '2023-12-02 23:19:40', '1', '2023-12-02 23:19:40', b'0', 122);
INSERT INTO `system_role_menu` VALUES (2950, 111, 1141, '1', '2023-12-02 23:19:40', '1', '2023-12-02 23:19:40', b'0', 122);
INSERT INTO `system_role_menu` VALUES (2951, 111, 1142, '1', '2023-12-02 23:19:40', '1', '2023-12-02 23:19:40', b'0', 122);
INSERT INTO `system_role_menu` VALUES (2952, 111, 1143, '1', '2023-12-02 23:19:40', '1', '2023-12-02 23:19:40', b'0', 122);
INSERT INTO `system_role_menu` VALUES (2993, 109, 2, '1', '2023-12-02 23:41:02', '1', '2023-12-02 23:41:02', b'0', 121);
INSERT INTO `system_role_menu` VALUES (2994, 109, 1031, '1', '2023-12-02 23:41:02', '1', '2023-12-02 23:41:02', b'0', 121);
INSERT INTO `system_role_menu` VALUES (2995, 109, 1032, '1', '2023-12-02 23:41:02', '1', '2023-12-02 23:41:02', b'0', 121);
INSERT INTO `system_role_menu` VALUES (2996, 109, 1033, '1', '2023-12-02 23:41:02', '1', '2023-12-02 23:41:02', b'0', 121);
INSERT INTO `system_role_menu` VALUES (2997, 109, 1034, '1', '2023-12-02 23:41:02', '1', '2023-12-02 23:41:02', b'0', 121);
INSERT INTO `system_role_menu` VALUES (2998, 109, 1035, '1', '2023-12-02 23:41:02', '1', '2023-12-02 23:41:02', b'0', 121);
INSERT INTO `system_role_menu` VALUES (2999, 109, 1050, '1', '2023-12-02 23:41:02', '1', '2023-12-02 23:41:02', b'0', 121);
INSERT INTO `system_role_menu` VALUES (3000, 109, 1051, '1', '2023-12-02 23:41:02', '1', '2023-12-02 23:41:02', b'0', 121);
INSERT INTO `system_role_menu` VALUES (3001, 109, 1052, '1', '2023-12-02 23:41:02', '1', '2023-12-02 23:41:02', b'0', 121);
INSERT INTO `system_role_menu` VALUES (3002, 109, 1053, '1', '2023-12-02 23:41:02', '1', '2023-12-02 23:41:02', b'0', 121);
INSERT INTO `system_role_menu` VALUES (3003, 109, 1054, '1', '2023-12-02 23:41:02', '1', '2023-12-02 23:41:02', b'0', 121);
INSERT INTO `system_role_menu` VALUES (3004, 109, 1056, '1', '2023-12-02 23:41:02', '1', '2023-12-02 23:41:02', b'0', 121);
INSERT INTO `system_role_menu` VALUES (3005, 109, 1057, '1', '2023-12-02 23:41:02', '1', '2023-12-02 23:41:02', b'0', 121);
INSERT INTO `system_role_menu` VALUES (3006, 109, 1058, '1', '2023-12-02 23:41:02', '1', '2023-12-02 23:41:02', b'0', 121);
INSERT INTO `system_role_menu` VALUES (3007, 109, 1059, '1', '2023-12-02 23:41:02', '1', '2023-12-02 23:41:02', b'0', 121);
INSERT INTO `system_role_menu` VALUES (3008, 109, 1060, '1', '2023-12-02 23:41:02', '1', '2023-12-02 23:41:02', b'0', 121);
INSERT INTO `system_role_menu` VALUES (3009, 109, 1066, '1', '2023-12-02 23:41:02', '1', '2023-12-02 23:41:02', b'0', 121);
INSERT INTO `system_role_menu` VALUES (3010, 109, 1067, '1', '2023-12-02 23:41:02', '1', '2023-12-02 23:41:02', b'0', 121);
INSERT INTO `system_role_menu` VALUES (3011, 109, 1070, '1', '2023-12-02 23:41:02', '1', '2023-12-02 23:41:02', b'0', 121);
INSERT INTO `system_role_menu` VALUES (3012, 109, 1075, '1', '2023-12-02 23:41:02', '1', '2023-12-02 23:41:02', b'0', 121);
INSERT INTO `system_role_menu` VALUES (3014, 109, 1077, '1', '2023-12-02 23:41:02', '1', '2023-12-02 23:41:02', b'0', 121);
INSERT INTO `system_role_menu` VALUES (3015, 109, 1078, '1', '2023-12-02 23:41:02', '1', '2023-12-02 23:41:02', b'0', 121);
INSERT INTO `system_role_menu` VALUES (3016, 109, 1082, '1', '2023-12-02 23:41:02', '1', '2023-12-02 23:41:02', b'0', 121);
INSERT INTO `system_role_menu` VALUES (3017, 109, 1083, '1', '2023-12-02 23:41:02', '1', '2023-12-02 23:41:02', b'0', 121);
INSERT INTO `system_role_menu` VALUES (3018, 109, 1084, '1', '2023-12-02 23:41:02', '1', '2023-12-02 23:41:02', b'0', 121);
INSERT INTO `system_role_menu` VALUES (3019, 109, 1085, '1', '2023-12-02 23:41:02', '1', '2023-12-02 23:41:02', b'0', 121);
INSERT INTO `system_role_menu` VALUES (3020, 109, 1086, '1', '2023-12-02 23:41:02', '1', '2023-12-02 23:41:02', b'0', 121);
INSERT INTO `system_role_menu` VALUES (3021, 109, 1087, '1', '2023-12-02 23:41:02', '1', '2023-12-02 23:41:02', b'0', 121);
INSERT INTO `system_role_menu` VALUES (3022, 109, 1088, '1', '2023-12-02 23:41:02', '1', '2023-12-02 23:41:02', b'0', 121);
INSERT INTO `system_role_menu` VALUES (3023, 109, 1089, '1', '2023-12-02 23:41:02', '1', '2023-12-02 23:41:02', b'0', 121);
INSERT INTO `system_role_menu` VALUES (3024, 109, 1090, '1', '2023-12-02 23:41:02', '1', '2023-12-02 23:41:02', b'0', 121);
INSERT INTO `system_role_menu` VALUES (3025, 109, 1091, '1', '2023-12-02 23:41:02', '1', '2023-12-02 23:41:02', b'0', 121);
INSERT INTO `system_role_menu` VALUES (3026, 109, 1092, '1', '2023-12-02 23:41:02', '1', '2023-12-02 23:41:02', b'0', 121);
INSERT INTO `system_role_menu` VALUES (3027, 109, 106, '1', '2023-12-02 23:41:02', '1', '2023-12-02 23:41:02', b'0', 121);
INSERT INTO `system_role_menu` VALUES (3028, 109, 110, '1', '2023-12-02 23:41:02', '1', '2023-12-02 23:41:02', b'0', 121);
INSERT INTO `system_role_menu` VALUES (3029, 109, 111, '1', '2023-12-02 23:41:02', '1', '2023-12-02 23:41:02', b'0', 121);
INSERT INTO `system_role_menu` VALUES (3030, 109, 112, '1', '2023-12-02 23:41:02', '1', '2023-12-02 23:41:02', b'0', 121);
INSERT INTO `system_role_menu` VALUES (3031, 109, 113, '1', '2023-12-02 23:41:02', '1', '2023-12-02 23:41:02', b'0', 121);
INSERT INTO `system_role_menu` VALUES (3032, 109, 114, '1', '2023-12-02 23:41:02', '1', '2023-12-02 23:41:02', b'0', 121);
INSERT INTO `system_role_menu` VALUES (3033, 109, 115, '1', '2023-12-02 23:41:02', '1', '2023-12-02 23:41:02', b'0', 121);
INSERT INTO `system_role_menu` VALUES (3034, 109, 116, '1', '2023-12-02 23:41:02', '1', '2023-12-02 23:41:02', b'0', 121);
INSERT INTO `system_role_menu` VALUES (3035, 109, 2472, '1', '2023-12-02 23:41:02', '1', '2023-12-02 23:41:02', b'0', 121);
INSERT INTO `system_role_menu` VALUES (3036, 109, 2478, '1', '2023-12-02 23:41:02', '1', '2023-12-02 23:41:02', b'0', 121);
INSERT INTO `system_role_menu` VALUES (3037, 109, 2479, '1', '2023-12-02 23:41:02', '1', '2023-12-02 23:41:02', b'0', 121);
INSERT INTO `system_role_menu` VALUES (3038, 109, 2480, '1', '2023-12-02 23:41:02', '1', '2023-12-02 23:41:02', b'0', 121);
INSERT INTO `system_role_menu` VALUES (3039, 109, 2481, '1', '2023-12-02 23:41:02', '1', '2023-12-02 23:41:02', b'0', 121);
INSERT INTO `system_role_menu` VALUES (3040, 109, 2482, '1', '2023-12-02 23:41:02', '1', '2023-12-02 23:41:02', b'0', 121);
INSERT INTO `system_role_menu` VALUES (3041, 109, 2483, '1', '2023-12-02 23:41:02', '1', '2023-12-02 23:41:02', b'0', 121);
INSERT INTO `system_role_menu` VALUES (3042, 109, 2484, '1', '2023-12-02 23:41:02', '1', '2023-12-02 23:41:02', b'0', 121);
INSERT INTO `system_role_menu` VALUES (3043, 109, 2485, '1', '2023-12-02 23:41:02', '1', '2023-12-02 23:41:02', b'0', 121);
INSERT INTO `system_role_menu` VALUES (3044, 109, 2486, '1', '2023-12-02 23:41:02', '1', '2023-12-02 23:41:02', b'0', 121);
INSERT INTO `system_role_menu` VALUES (3045, 109, 2487, '1', '2023-12-02 23:41:02', '1', '2023-12-02 23:41:02', b'0', 121);
INSERT INTO `system_role_menu` VALUES (3046, 109, 2488, '1', '2023-12-02 23:41:02', '1', '2023-12-02 23:41:02', b'0', 121);
INSERT INTO `system_role_menu` VALUES (3047, 109, 2489, '1', '2023-12-02 23:41:02', '1', '2023-12-02 23:41:02', b'0', 121);
INSERT INTO `system_role_menu` VALUES (3048, 109, 2490, '1', '2023-12-02 23:41:02', '1', '2023-12-02 23:41:02', b'0', 121);
INSERT INTO `system_role_menu` VALUES (3049, 109, 2491, '1', '2023-12-02 23:41:02', '1', '2023-12-02 23:41:02', b'0', 121);
INSERT INTO `system_role_menu` VALUES (3050, 109, 2492, '1', '2023-12-02 23:41:02', '1', '2023-12-02 23:41:02', b'0', 121);
INSERT INTO `system_role_menu` VALUES (3051, 109, 2493, '1', '2023-12-02 23:41:02', '1', '2023-12-02 23:41:02', b'0', 121);
INSERT INTO `system_role_menu` VALUES (3052, 109, 2494, '1', '2023-12-02 23:41:02', '1', '2023-12-02 23:41:02', b'0', 121);
INSERT INTO `system_role_menu` VALUES (3053, 109, 2495, '1', '2023-12-02 23:41:02', '1', '2023-12-02 23:41:02', b'0', 121);
INSERT INTO `system_role_menu` VALUES (3054, 109, 2497, '1', '2023-12-02 23:41:02', '1', '2023-12-02 23:41:02', b'0', 121);
INSERT INTO `system_role_menu` VALUES (3055, 109, 1237, '1', '2023-12-02 23:41:02', '1', '2023-12-02 23:41:02', b'0', 121);
INSERT INTO `system_role_menu` VALUES (3056, 109, 1238, '1', '2023-12-02 23:41:02', '1', '2023-12-02 23:41:02', b'0', 121);
INSERT INTO `system_role_menu` VALUES (3057, 109, 1239, '1', '2023-12-02 23:41:02', '1', '2023-12-02 23:41:02', b'0', 121);
INSERT INTO `system_role_menu` VALUES (3058, 109, 1240, '1', '2023-12-02 23:41:02', '1', '2023-12-02 23:41:02', b'0', 121);
INSERT INTO `system_role_menu` VALUES (3059, 109, 1241, '1', '2023-12-02 23:41:02', '1', '2023-12-02 23:41:02', b'0', 121);
INSERT INTO `system_role_menu` VALUES (3060, 109, 1242, '1', '2023-12-02 23:41:02', '1', '2023-12-02 23:41:02', b'0', 121);
INSERT INTO `system_role_menu` VALUES (3061, 109, 1243, '1', '2023-12-02 23:41:02', '1', '2023-12-02 23:41:02', b'0', 121);
INSERT INTO `system_role_menu` VALUES (3062, 109, 2525, '1', '2023-12-02 23:41:02', '1', '2023-12-02 23:41:02', b'0', 121);
INSERT INTO `system_role_menu` VALUES (3063, 109, 1255, '1', '2023-12-02 23:41:02', '1', '2023-12-02 23:41:02', b'0', 121);
INSERT INTO `system_role_menu` VALUES (3064, 109, 1256, '1', '2023-12-02 23:41:02', '1', '2023-12-02 23:41:02', b'0', 121);
INSERT INTO `system_role_menu` VALUES (3065, 109, 1257, '1', '2023-12-02 23:41:02', '1', '2023-12-02 23:41:02', b'0', 121);
INSERT INTO `system_role_menu` VALUES (3066, 109, 1258, '1', '2023-12-02 23:41:02', '1', '2023-12-02 23:41:02', b'0', 121);
INSERT INTO `system_role_menu` VALUES (3067, 109, 1259, '1', '2023-12-02 23:41:02', '1', '2023-12-02 23:41:02', b'0', 121);
INSERT INTO `system_role_menu` VALUES (3068, 109, 1260, '1', '2023-12-02 23:41:02', '1', '2023-12-02 23:41:02', b'0', 121);
INSERT INTO `system_role_menu` VALUES (3069, 111, 2, '1', '2023-12-02 23:41:02', '1', '2023-12-02 23:41:02', b'0', 122);
INSERT INTO `system_role_menu` VALUES (3070, 111, 1031, '1', '2023-12-02 23:41:02', '1', '2023-12-02 23:41:02', b'0', 122);
INSERT INTO `system_role_menu` VALUES (3071, 111, 1032, '1', '2023-12-02 23:41:02', '1', '2023-12-02 23:41:02', b'0', 122);
INSERT INTO `system_role_menu` VALUES (3072, 111, 1033, '1', '2023-12-02 23:41:02', '1', '2023-12-02 23:41:02', b'0', 122);
INSERT INTO `system_role_menu` VALUES (3073, 111, 1034, '1', '2023-12-02 23:41:02', '1', '2023-12-02 23:41:02', b'0', 122);
INSERT INTO `system_role_menu` VALUES (3074, 111, 1035, '1', '2023-12-02 23:41:02', '1', '2023-12-02 23:41:02', b'0', 122);
INSERT INTO `system_role_menu` VALUES (3075, 111, 1050, '1', '2023-12-02 23:41:02', '1', '2023-12-02 23:41:02', b'0', 122);
INSERT INTO `system_role_menu` VALUES (3076, 111, 1051, '1', '2023-12-02 23:41:02', '1', '2023-12-02 23:41:02', b'0', 122);
INSERT INTO `system_role_menu` VALUES (3077, 111, 1052, '1', '2023-12-02 23:41:02', '1', '2023-12-02 23:41:02', b'0', 122);
INSERT INTO `system_role_menu` VALUES (3078, 111, 1053, '1', '2023-12-02 23:41:02', '1', '2023-12-02 23:41:02', b'0', 122);
INSERT INTO `system_role_menu` VALUES (3079, 111, 1054, '1', '2023-12-02 23:41:02', '1', '2023-12-02 23:41:02', b'0', 122);
INSERT INTO `system_role_menu` VALUES (3080, 111, 1056, '1', '2023-12-02 23:41:02', '1', '2023-12-02 23:41:02', b'0', 122);
INSERT INTO `system_role_menu` VALUES (3081, 111, 1057, '1', '2023-12-02 23:41:02', '1', '2023-12-02 23:41:02', b'0', 122);
INSERT INTO `system_role_menu` VALUES (3082, 111, 1058, '1', '2023-12-02 23:41:02', '1', '2023-12-02 23:41:02', b'0', 122);
INSERT INTO `system_role_menu` VALUES (3083, 111, 1059, '1', '2023-12-02 23:41:02', '1', '2023-12-02 23:41:02', b'0', 122);
INSERT INTO `system_role_menu` VALUES (3084, 111, 1060, '1', '2023-12-02 23:41:02', '1', '2023-12-02 23:41:02', b'0', 122);
INSERT INTO `system_role_menu` VALUES (3085, 111, 1066, '1', '2023-12-02 23:41:02', '1', '2023-12-02 23:41:02', b'0', 122);
INSERT INTO `system_role_menu` VALUES (3086, 111, 1067, '1', '2023-12-02 23:41:02', '1', '2023-12-02 23:41:02', b'0', 122);
INSERT INTO `system_role_menu` VALUES (3087, 111, 1070, '1', '2023-12-02 23:41:02', '1', '2023-12-02 23:41:02', b'0', 122);
INSERT INTO `system_role_menu` VALUES (3088, 111, 1075, '1', '2023-12-02 23:41:02', '1', '2023-12-02 23:41:02', b'0', 122);
INSERT INTO `system_role_menu` VALUES (3090, 111, 1077, '1', '2023-12-02 23:41:02', '1', '2023-12-02 23:41:02', b'0', 122);
INSERT INTO `system_role_menu` VALUES (3091, 111, 1078, '1', '2023-12-02 23:41:02', '1', '2023-12-02 23:41:02', b'0', 122);
INSERT INTO `system_role_menu` VALUES (3092, 111, 1082, '1', '2023-12-02 23:41:02', '1', '2023-12-02 23:41:02', b'0', 122);
INSERT INTO `system_role_menu` VALUES (3093, 111, 1083, '1', '2023-12-02 23:41:02', '1', '2023-12-02 23:41:02', b'0', 122);
INSERT INTO `system_role_menu` VALUES (3094, 111, 1084, '1', '2023-12-02 23:41:02', '1', '2023-12-02 23:41:02', b'0', 122);
INSERT INTO `system_role_menu` VALUES (3095, 111, 1085, '1', '2023-12-02 23:41:02', '1', '2023-12-02 23:41:02', b'0', 122);
INSERT INTO `system_role_menu` VALUES (3096, 111, 1086, '1', '2023-12-02 23:41:02', '1', '2023-12-02 23:41:02', b'0', 122);
INSERT INTO `system_role_menu` VALUES (3097, 111, 1087, '1', '2023-12-02 23:41:02', '1', '2023-12-02 23:41:02', b'0', 122);
INSERT INTO `system_role_menu` VALUES (3098, 111, 1088, '1', '2023-12-02 23:41:02', '1', '2023-12-02 23:41:02', b'0', 122);
INSERT INTO `system_role_menu` VALUES (3099, 111, 1089, '1', '2023-12-02 23:41:02', '1', '2023-12-02 23:41:02', b'0', 122);
INSERT INTO `system_role_menu` VALUES (3100, 111, 1090, '1', '2023-12-02 23:41:02', '1', '2023-12-02 23:41:02', b'0', 122);
INSERT INTO `system_role_menu` VALUES (3101, 111, 1091, '1', '2023-12-02 23:41:02', '1', '2023-12-02 23:41:02', b'0', 122);
INSERT INTO `system_role_menu` VALUES (3102, 111, 1092, '1', '2023-12-02 23:41:02', '1', '2023-12-02 23:41:02', b'0', 122);
INSERT INTO `system_role_menu` VALUES (3103, 111, 106, '1', '2023-12-02 23:41:02', '1', '2023-12-02 23:41:02', b'0', 122);
INSERT INTO `system_role_menu` VALUES (3104, 111, 110, '1', '2023-12-02 23:41:02', '1', '2023-12-02 23:41:02', b'0', 122);
INSERT INTO `system_role_menu` VALUES (3105, 111, 111, '1', '2023-12-02 23:41:02', '1', '2023-12-02 23:41:02', b'0', 122);
INSERT INTO `system_role_menu` VALUES (3106, 111, 112, '1', '2023-12-02 23:41:02', '1', '2023-12-02 23:41:02', b'0', 122);
INSERT INTO `system_role_menu` VALUES (3107, 111, 113, '1', '2023-12-02 23:41:02', '1', '2023-12-02 23:41:02', b'0', 122);
INSERT INTO `system_role_menu` VALUES (3108, 111, 114, '1', '2023-12-02 23:41:02', '1', '2023-12-02 23:41:02', b'0', 122);
INSERT INTO `system_role_menu` VALUES (3109, 111, 115, '1', '2023-12-02 23:41:02', '1', '2023-12-02 23:41:02', b'0', 122);
INSERT INTO `system_role_menu` VALUES (3110, 111, 116, '1', '2023-12-02 23:41:02', '1', '2023-12-02 23:41:02', b'0', 122);
INSERT INTO `system_role_menu` VALUES (3111, 111, 2472, '1', '2023-12-02 23:41:02', '1', '2023-12-02 23:41:02', b'0', 122);
INSERT INTO `system_role_menu` VALUES (3112, 111, 2478, '1', '2023-12-02 23:41:02', '1', '2023-12-02 23:41:02', b'0', 122);
INSERT INTO `system_role_menu` VALUES (3113, 111, 2479, '1', '2023-12-02 23:41:02', '1', '2023-12-02 23:41:02', b'0', 122);
INSERT INTO `system_role_menu` VALUES (3114, 111, 2480, '1', '2023-12-02 23:41:02', '1', '2023-12-02 23:41:02', b'0', 122);
INSERT INTO `system_role_menu` VALUES (3115, 111, 2481, '1', '2023-12-02 23:41:02', '1', '2023-12-02 23:41:02', b'0', 122);
INSERT INTO `system_role_menu` VALUES (3116, 111, 2482, '1', '2023-12-02 23:41:02', '1', '2023-12-02 23:41:02', b'0', 122);
INSERT INTO `system_role_menu` VALUES (3117, 111, 2483, '1', '2023-12-02 23:41:02', '1', '2023-12-02 23:41:02', b'0', 122);
INSERT INTO `system_role_menu` VALUES (3118, 111, 2484, '1', '2023-12-02 23:41:02', '1', '2023-12-02 23:41:02', b'0', 122);
INSERT INTO `system_role_menu` VALUES (3119, 111, 2485, '1', '2023-12-02 23:41:02', '1', '2023-12-02 23:41:02', b'0', 122);
INSERT INTO `system_role_menu` VALUES (3120, 111, 2486, '1', '2023-12-02 23:41:02', '1', '2023-12-02 23:41:02', b'0', 122);
INSERT INTO `system_role_menu` VALUES (3121, 111, 2487, '1', '2023-12-02 23:41:02', '1', '2023-12-02 23:41:02', b'0', 122);
INSERT INTO `system_role_menu` VALUES (3122, 111, 2488, '1', '2023-12-02 23:41:02', '1', '2023-12-02 23:41:02', b'0', 122);
INSERT INTO `system_role_menu` VALUES (3123, 111, 2489, '1', '2023-12-02 23:41:02', '1', '2023-12-02 23:41:02', b'0', 122);
INSERT INTO `system_role_menu` VALUES (3124, 111, 2490, '1', '2023-12-02 23:41:02', '1', '2023-12-02 23:41:02', b'0', 122);
INSERT INTO `system_role_menu` VALUES (3125, 111, 2491, '1', '2023-12-02 23:41:02', '1', '2023-12-02 23:41:02', b'0', 122);
INSERT INTO `system_role_menu` VALUES (3126, 111, 2492, '1', '2023-12-02 23:41:02', '1', '2023-12-02 23:41:02', b'0', 122);
INSERT INTO `system_role_menu` VALUES (3127, 111, 2493, '1', '2023-12-02 23:41:02', '1', '2023-12-02 23:41:02', b'0', 122);
INSERT INTO `system_role_menu` VALUES (3128, 111, 2494, '1', '2023-12-02 23:41:02', '1', '2023-12-02 23:41:02', b'0', 122);
INSERT INTO `system_role_menu` VALUES (3129, 111, 2495, '1', '2023-12-02 23:41:02', '1', '2023-12-02 23:41:02', b'0', 122);
INSERT INTO `system_role_menu` VALUES (3130, 111, 2497, '1', '2023-12-02 23:41:02', '1', '2023-12-02 23:41:02', b'0', 122);
INSERT INTO `system_role_menu` VALUES (3131, 111, 1237, '1', '2023-12-02 23:41:02', '1', '2023-12-02 23:41:02', b'0', 122);
INSERT INTO `system_role_menu` VALUES (3132, 111, 1238, '1', '2023-12-02 23:41:02', '1', '2023-12-02 23:41:02', b'0', 122);
INSERT INTO `system_role_menu` VALUES (3133, 111, 1239, '1', '2023-12-02 23:41:02', '1', '2023-12-02 23:41:02', b'0', 122);
INSERT INTO `system_role_menu` VALUES (3134, 111, 1240, '1', '2023-12-02 23:41:02', '1', '2023-12-02 23:41:02', b'0', 122);
INSERT INTO `system_role_menu` VALUES (3135, 111, 1241, '1', '2023-12-02 23:41:02', '1', '2023-12-02 23:41:02', b'0', 122);
INSERT INTO `system_role_menu` VALUES (3136, 111, 1242, '1', '2023-12-02 23:41:02', '1', '2023-12-02 23:41:02', b'0', 122);
INSERT INTO `system_role_menu` VALUES (3137, 111, 1243, '1', '2023-12-02 23:41:02', '1', '2023-12-02 23:41:02', b'0', 122);
INSERT INTO `system_role_menu` VALUES (3138, 111, 2525, '1', '2023-12-02 23:41:02', '1', '2023-12-02 23:41:02', b'0', 122);
INSERT INTO `system_role_menu` VALUES (3139, 111, 1255, '1', '2023-12-02 23:41:02', '1', '2023-12-02 23:41:02', b'0', 122);
INSERT INTO `system_role_menu` VALUES (3140, 111, 1256, '1', '2023-12-02 23:41:02', '1', '2023-12-02 23:41:02', b'0', 122);
INSERT INTO `system_role_menu` VALUES (3141, 111, 1257, '1', '2023-12-02 23:41:02', '1', '2023-12-02 23:41:02', b'0', 122);
INSERT INTO `system_role_menu` VALUES (3142, 111, 1258, '1', '2023-12-02 23:41:02', '1', '2023-12-02 23:41:02', b'0', 122);
INSERT INTO `system_role_menu` VALUES (3143, 111, 1259, '1', '2023-12-02 23:41:02', '1', '2023-12-02 23:41:02', b'0', 122);
INSERT INTO `system_role_menu` VALUES (3144, 111, 1260, '1', '2023-12-02 23:41:02', '1', '2023-12-02 23:41:02', b'0', 122);
INSERT INTO `system_role_menu` VALUES (3221, 109, 102, '1', '2023-12-30 11:42:36', '1', '2023-12-30 11:42:36', b'0', 121);
INSERT INTO `system_role_menu` VALUES (3222, 109, 1013, '1', '2023-12-30 11:42:36', '1', '2023-12-30 11:42:36', b'0', 121);
INSERT INTO `system_role_menu` VALUES (3223, 109, 1014, '1', '2023-12-30 11:42:36', '1', '2023-12-30 11:42:36', b'0', 121);
INSERT INTO `system_role_menu` VALUES (3224, 109, 1015, '1', '2023-12-30 11:42:36', '1', '2023-12-30 11:42:36', b'0', 121);
INSERT INTO `system_role_menu` VALUES (3225, 109, 1016, '1', '2023-12-30 11:42:36', '1', '2023-12-30 11:42:36', b'0', 121);
INSERT INTO `system_role_menu` VALUES (3226, 111, 102, '1', '2023-12-30 11:42:36', '1', '2023-12-30 11:42:36', b'0', 122);
INSERT INTO `system_role_menu` VALUES (3227, 111, 1013, '1', '2023-12-30 11:42:36', '1', '2023-12-30 11:42:36', b'0', 122);
INSERT INTO `system_role_menu` VALUES (3228, 111, 1014, '1', '2023-12-30 11:42:36', '1', '2023-12-30 11:42:36', b'0', 122);
INSERT INTO `system_role_menu` VALUES (3229, 111, 1015, '1', '2023-12-30 11:42:36', '1', '2023-12-30 11:42:36', b'0', 122);
INSERT INTO `system_role_menu` VALUES (3230, 111, 1016, '1', '2023-12-30 11:42:36', '1', '2023-12-30 11:42:36', b'0', 122);
INSERT INTO `system_role_menu` VALUES (5777, 101, 2739, '1', '2024-04-30 09:38:37', '1', '2024-04-30 09:38:37', b'0', 1);
INSERT INTO `system_role_menu` VALUES (5778, 101, 2740, '1', '2024-04-30 09:38:37', '1', '2024-04-30 09:38:37', b'0', 1);

-- ----------------------------
-- Table structure for system_sms_channel
-- ----------------------------
DROP TABLE IF EXISTS `system_sms_channel`;
CREATE TABLE `system_sms_channel`  (
  `id` bigint(0) NOT NULL AUTO_INCREMENT COMMENT '编号',
  `signature` varchar(12) CHARACTER SET utf8mb4 COLLATE utf8mb4_unicode_ci NOT NULL COMMENT '短信签名',
  `code` varchar(63) CHARACTER SET utf8mb4 COLLATE utf8mb4_unicode_ci NOT NULL COMMENT '渠道编码',
  `status` tinyint(0) NOT NULL COMMENT '开启状态',
  `remark` varchar(255) CHARACTER SET utf8mb4 COLLATE utf8mb4_unicode_ci NULL DEFAULT NULL COMMENT '备注',
  `api_key` varchar(128) CHARACTER SET utf8mb4 COLLATE utf8mb4_unicode_ci NOT NULL COMMENT '短信 API 的账号',
  `api_secret` varchar(128) CHARACTER SET utf8mb4 COLLATE utf8mb4_unicode_ci NULL DEFAULT NULL COMMENT '短信 API 的秘钥',
  `callback_url` varchar(255) CHARACTER SET utf8mb4 COLLATE utf8mb4_unicode_ci NULL DEFAULT NULL COMMENT '短信发送回调 URL',
  `creator` varchar(64) CHARACTER SET utf8mb4 COLLATE utf8mb4_unicode_ci NULL DEFAULT '' COMMENT '创建者',
  `create_time` datetime(0) NOT NULL DEFAULT CURRENT_TIMESTAMP(0) COMMENT '创建时间',
  `updater` varchar(64) CHARACTER SET utf8mb4 COLLATE utf8mb4_unicode_ci NULL DEFAULT '' COMMENT '更新者',
  `update_time` datetime(0) NOT NULL DEFAULT CURRENT_TIMESTAMP(0) ON UPDATE CURRENT_TIMESTAMP(0) COMMENT '更新时间',
  `deleted` bit(1) NOT NULL DEFAULT b'0' COMMENT '是否删除',
  PRIMARY KEY (`id`) USING BTREE
) ENGINE = InnoDB AUTO_INCREMENT = 7 CHARACTER SET = utf8mb4 COLLATE = utf8mb4_unicode_ci COMMENT = '短信渠道' ROW_FORMAT = Dynamic;

-- ----------------------------
-- Records of system_sms_channel
-- ----------------------------
INSERT INTO `system_sms_channel` VALUES (2, 'Ballcat', 'ALIYUN', 0, '你要改哦，只有我可以用！！！！', 'LTAI5tCnKso2uG3kJ5gRav88', 'fGJ5SNXL7P1NHNRmJ7DJaMJGPyE55C', NULL, '', '2021-03-31 11:53:10', '1', '2023-12-02 22:10:17', b'0');
INSERT INTO `system_sms_channel` VALUES (4, '测试渠道', 'DEBUG_DING_TALK', 0, '123', '696b5d8ead48071237e4aa5861ff08dbadb2b4ded1c688a7b7c9afc615579859', 'SEC5c4e5ff888bc8a9923ae47f59e7ccd30af1f14d93c55b4e2c9cb094e35aeed67', NULL, '1', '2021-04-13 00:23:14', '1', '2022-03-27 20:29:49', b'0');
INSERT INTO `system_sms_channel` VALUES (6, '测试演示', 'DEBUG_DING_TALK', 0, '仅测试', '696b5d8ead48071237e4aa5861ff08dbadb2b4ded1c688a7b7c9afc615579859', 'SEC5c4e5ff888bc8a9923ae47f59e7ccd30af1f14d93c55b4e2c9cb094e35aeed67', NULL, '1', '2022-04-10 23:07:59', '1', '2023-12-02 22:10:08', b'0');

-- ----------------------------
-- Table structure for system_sms_code
-- ----------------------------
DROP TABLE IF EXISTS `system_sms_code`;
CREATE TABLE `system_sms_code`  (
  `id` bigint(0) NOT NULL AUTO_INCREMENT COMMENT '编号',
  `mobile` varchar(11) CHARACTER SET utf8mb4 COLLATE utf8mb4_unicode_ci NOT NULL COMMENT '手机号',
  `code` varchar(6) CHARACTER SET utf8mb4 COLLATE utf8mb4_unicode_ci NOT NULL COMMENT '验证码',
  `create_ip` varchar(15) CHARACTER SET utf8mb4 COLLATE utf8mb4_unicode_ci NOT NULL COMMENT '创建 IP',
  `scene` tinyint(0) NOT NULL COMMENT '发送场景',
  `today_index` tinyint(0) NOT NULL COMMENT '今日发送的第几条',
  `used` tinyint(0) NOT NULL COMMENT '是否使用',
  `used_time` datetime(0) NULL DEFAULT NULL COMMENT '使用时间',
  `used_ip` varchar(255) CHARACTER SET utf8mb4 COLLATE utf8mb4_unicode_ci NULL DEFAULT NULL COMMENT '使用 IP',
  `creator` varchar(64) CHARACTER SET utf8mb4 COLLATE utf8mb4_unicode_ci NULL DEFAULT '' COMMENT '创建者',
  `create_time` datetime(0) NOT NULL DEFAULT CURRENT_TIMESTAMP(0) COMMENT '创建时间',
  `updater` varchar(64) CHARACTER SET utf8mb4 COLLATE utf8mb4_unicode_ci NULL DEFAULT '' COMMENT '更新者',
  `update_time` datetime(0) NOT NULL DEFAULT CURRENT_TIMESTAMP(0) ON UPDATE CURRENT_TIMESTAMP(0) COMMENT '更新时间',
  `deleted` bit(1) NOT NULL DEFAULT b'0' COMMENT '是否删除',
  `tenant_id` bigint(0) NOT NULL DEFAULT 0 COMMENT '租户编号',
  PRIMARY KEY (`id`) USING BTREE,
  INDEX `idx_mobile`(`mobile`) USING BTREE COMMENT '手机号'
) ENGINE = InnoDB AUTO_INCREMENT = 614 CHARACTER SET = utf8mb4 COLLATE = utf8mb4_unicode_ci COMMENT = '手机验证码' ROW_FORMAT = Dynamic;

-- ----------------------------
-- Records of system_sms_code
-- ----------------------------

-- ----------------------------
-- Table structure for system_sms_log
-- ----------------------------
DROP TABLE IF EXISTS `system_sms_log`;
CREATE TABLE `system_sms_log`  (
  `id` bigint(0) NOT NULL AUTO_INCREMENT COMMENT '编号',
  `channel_id` bigint(0) NOT NULL COMMENT '短信渠道编号',
  `channel_code` varchar(63) CHARACTER SET utf8mb4 COLLATE utf8mb4_unicode_ci NOT NULL COMMENT '短信渠道编码',
  `template_id` bigint(0) NOT NULL COMMENT '模板编号',
  `template_code` varchar(63) CHARACTER SET utf8mb4 COLLATE utf8mb4_unicode_ci NOT NULL COMMENT '模板编码',
  `template_type` tinyint(0) NOT NULL COMMENT '短信类型',
  `template_content` varchar(255) CHARACTER SET utf8mb4 COLLATE utf8mb4_unicode_ci NOT NULL COMMENT '短信内容',
  `template_params` varchar(255) CHARACTER SET utf8mb4 COLLATE utf8mb4_unicode_ci NOT NULL COMMENT '短信参数',
  `api_template_id` varchar(63) CHARACTER SET utf8mb4 COLLATE utf8mb4_unicode_ci NOT NULL COMMENT '短信 API 的模板编号',
  `mobile` varchar(11) CHARACTER SET utf8mb4 COLLATE utf8mb4_unicode_ci NOT NULL COMMENT '手机号',
  `user_id` bigint(0) NULL DEFAULT NULL COMMENT '用户编号',
  `user_type` tinyint(0) NULL DEFAULT NULL COMMENT '用户类型',
  `send_status` tinyint(0) NOT NULL DEFAULT 0 COMMENT '发送状态',
  `send_time` datetime(0) NULL DEFAULT NULL COMMENT '发送时间',
  `api_send_code` varchar(63) CHARACTER SET utf8mb4 COLLATE utf8mb4_unicode_ci NULL DEFAULT NULL COMMENT '短信 API 发送结果的编码',
  `api_send_msg` varchar(255) CHARACTER SET utf8mb4 COLLATE utf8mb4_unicode_ci NULL DEFAULT NULL COMMENT '短信 API 发送失败的提示',
  `api_request_id` varchar(255) CHARACTER SET utf8mb4 COLLATE utf8mb4_unicode_ci NULL DEFAULT NULL COMMENT '短信 API 发送返回的唯一请求 ID',
  `api_serial_no` varchar(255) CHARACTER SET utf8mb4 COLLATE utf8mb4_unicode_ci NULL DEFAULT NULL COMMENT '短信 API 发送返回的序号',
  `receive_status` tinyint(0) NOT NULL DEFAULT 0 COMMENT '接收状态',
  `receive_time` datetime(0) NULL DEFAULT NULL COMMENT '接收时间',
  `api_receive_code` varchar(63) CHARACTER SET utf8mb4 COLLATE utf8mb4_unicode_ci NULL DEFAULT NULL COMMENT 'API 接收结果的编码',
  `api_receive_msg` varchar(255) CHARACTER SET utf8mb4 COLLATE utf8mb4_unicode_ci NULL DEFAULT NULL COMMENT 'API 接收结果的说明',
  `creator` varchar(64) CHARACTER SET utf8mb4 COLLATE utf8mb4_unicode_ci NULL DEFAULT '' COMMENT '创建者',
  `create_time` datetime(0) NOT NULL DEFAULT CURRENT_TIMESTAMP(0) COMMENT '创建时间',
  `updater` varchar(64) CHARACTER SET utf8mb4 COLLATE utf8mb4_unicode_ci NULL DEFAULT '' COMMENT '更新者',
  `update_time` datetime(0) NOT NULL DEFAULT CURRENT_TIMESTAMP(0) ON UPDATE CURRENT_TIMESTAMP(0) COMMENT '更新时间',
  `deleted` bit(1) NOT NULL DEFAULT b'0' COMMENT '是否删除',
  PRIMARY KEY (`id`) USING BTREE
) ENGINE = InnoDB AUTO_INCREMENT = 962 CHARACTER SET = utf8mb4 COLLATE = utf8mb4_unicode_ci COMMENT = '短信日志' ROW_FORMAT = Dynamic;

-- ----------------------------
-- Records of system_sms_log
-- ----------------------------

-- ----------------------------
-- Table structure for system_sms_template
-- ----------------------------
DROP TABLE IF EXISTS `system_sms_template`;
CREATE TABLE `system_sms_template`  (
  `id` bigint(0) NOT NULL AUTO_INCREMENT COMMENT '编号',
  `type` tinyint(0) NOT NULL COMMENT '模板类型',
  `status` tinyint(0) NOT NULL COMMENT '开启状态',
  `code` varchar(63) CHARACTER SET utf8mb4 COLLATE utf8mb4_unicode_ci NOT NULL COMMENT '模板编码',
  `name` varchar(63) CHARACTER SET utf8mb4 COLLATE utf8mb4_unicode_ci NOT NULL COMMENT '模板名称',
  `content` varchar(255) CHARACTER SET utf8mb4 COLLATE utf8mb4_unicode_ci NOT NULL COMMENT '模板内容',
  `params` varchar(255) CHARACTER SET utf8mb4 COLLATE utf8mb4_unicode_ci NOT NULL COMMENT '参数数组',
  `remark` varchar(255) CHARACTER SET utf8mb4 COLLATE utf8mb4_unicode_ci NULL DEFAULT NULL COMMENT '备注',
  `api_template_id` varchar(63) CHARACTER SET utf8mb4 COLLATE utf8mb4_unicode_ci NOT NULL COMMENT '短信 API 的模板编号',
  `channel_id` bigint(0) NOT NULL COMMENT '短信渠道编号',
  `channel_code` varchar(63) CHARACTER SET utf8mb4 COLLATE utf8mb4_unicode_ci NOT NULL COMMENT '短信渠道编码',
  `creator` varchar(64) CHARACTER SET utf8mb4 COLLATE utf8mb4_unicode_ci NULL DEFAULT '' COMMENT '创建者',
  `create_time` datetime(0) NOT NULL DEFAULT CURRENT_TIMESTAMP(0) COMMENT '创建时间',
  `updater` varchar(64) CHARACTER SET utf8mb4 COLLATE utf8mb4_unicode_ci NULL DEFAULT '' COMMENT '更新者',
  `update_time` datetime(0) NOT NULL DEFAULT CURRENT_TIMESTAMP(0) ON UPDATE CURRENT_TIMESTAMP(0) COMMENT '更新时间',
  `deleted` bit(1) NOT NULL DEFAULT b'0' COMMENT '是否删除',
  PRIMARY KEY (`id`) USING BTREE
) ENGINE = InnoDB AUTO_INCREMENT = 17 CHARACTER SET = utf8mb4 COLLATE = utf8mb4_unicode_ci COMMENT = '短信模板' ROW_FORMAT = Dynamic;

-- ----------------------------
-- Records of system_sms_template
-- ----------------------------
INSERT INTO `system_sms_template` VALUES (2, 1, 0, 'test_01', '测试验证码短信', '正在进行登录操作{operation}，您的验证码是{code}', '[\"operation\",\"code\"]', '测试备注', '4383920', 6, 'DEBUG_DING_TALK', '', '2021-03-31 10:49:38', '1', '2023-12-02 22:32:47', b'0');
INSERT INTO `system_sms_template` VALUES (3, 1, 0, 'test_02', '公告通知', '您的验证码{code}，该验证码5分钟内有效，请勿泄漏于他人！', '[\"code\"]', NULL, 'SMS_207945135', 2, 'ALIYUN', '', '2021-03-31 11:56:30', '1', '2021-04-10 01:22:02', b'0');
INSERT INTO `system_sms_template` VALUES (6, 3, 0, 'test-01', '测试模板', '哈哈哈 {name}', '[\"name\"]', 'f哈哈哈', '4383920', 6, 'DEBUG_DING_TALK', '1', '2021-04-10 01:07:21', '1', '2022-12-10 21:26:09', b'0');
INSERT INTO `system_sms_template` VALUES (7, 3, 0, 'test-04', '测试下', '老鸡{name}，牛逼{code}', '[\"name\",\"code\"]', '哈哈哈哈', 'suibian', 4, 'DEBUG_DING_TALK', '1', '2021-04-13 00:29:53', '1', '2023-12-02 22:35:34', b'0');
INSERT INTO `system_sms_template` VALUES (8, 1, 0, 'user-sms-login', '前台用户短信登录', '您的验证码是{code}', '[\"code\"]', NULL, '4372216', 6, 'DEBUG_DING_TALK', '1', '2021-10-11 08:10:00', '1', '2022-12-10 21:25:59', b'0');
INSERT INTO `system_sms_template` VALUES (9, 2, 0, 'bpm_task_assigned', '【工作流】任务被分配', '您收到了一条新的待办任务：{processInstanceName}-{taskName}，申请人：{startUserNickname}，处理链接：{detailUrl}', '[\"processInstanceName\",\"taskName\",\"startUserNickname\",\"detailUrl\"]', NULL, 'suibian', 4, 'DEBUG_DING_TALK', '1', '2022-01-21 22:31:19', '1', '2022-01-22 00:03:36', b'0');
INSERT INTO `system_sms_template` VALUES (10, 2, 0, 'bpm_process_instance_reject', '【工作流】流程被不通过', '您的流程被审批不通过：{processInstanceName}，原因：{reason}，查看链接：{detailUrl}', '[\"processInstanceName\",\"reason\",\"detailUrl\"]', NULL, 'suibian', 4, 'DEBUG_DING_TALK', '1', '2022-01-22 00:03:31', '1', '2022-05-01 12:33:14', b'0');
INSERT INTO `system_sms_template` VALUES (11, 2, 0, 'bpm_process_instance_approve', '【工作流】流程被通过', '您的流程被审批通过：{processInstanceName}，查看链接：{detailUrl}', '[\"processInstanceName\",\"detailUrl\"]', NULL, 'suibian', 4, 'DEBUG_DING_TALK', '1', '2022-01-22 00:04:31', '1', '2022-03-27 20:32:21', b'0');
INSERT INTO `system_sms_template` VALUES (12, 2, 0, 'demo', '演示模板', '我就是测试一下下', '[]', NULL, 'biubiubiu', 6, 'DEBUG_DING_TALK', '1', '2022-04-10 23:22:49', '1', '2023-03-24 23:45:07', b'0');
INSERT INTO `system_sms_template` VALUES (14, 1, 0, 'user-update-mobile', '会员用户 - 修改手机', '您的验证码{code}，该验证码 5 分钟内有效，请勿泄漏于他人！', '[\"code\"]', '', 'null', 4, 'DEBUG_DING_TALK', '1', '2023-08-19 18:58:01', '1', '2023-08-19 11:34:04', b'0');
INSERT INTO `system_sms_template` VALUES (15, 1, 0, 'user-update-password', '会员用户 - 修改密码', '您的验证码{code}，该验证码 5 分钟内有效，请勿泄漏于他人！', '[\"code\"]', '', 'null', 4, 'DEBUG_DING_TALK', '1', '2023-08-19 18:58:01', '1', '2023-08-19 11:34:18', b'0');
INSERT INTO `system_sms_template` VALUES (16, 1, 0, 'user-reset-password', '会员用户 - 重置密码', '您的验证码{code}，该验证码 5 分钟内有效，请勿泄漏于他人！', '[\"code\"]', '', 'null', 4, 'DEBUG_DING_TALK', '1', '2023-08-19 18:58:01', '1', '2023-12-02 22:35:27', b'0');

-- ----------------------------
-- Table structure for system_social_client
-- ----------------------------
DROP TABLE IF EXISTS `system_social_client`;
CREATE TABLE `system_social_client`  (
  `id` bigint(0) NOT NULL AUTO_INCREMENT COMMENT '编号',
  `name` varchar(255) CHARACTER SET utf8mb4 COLLATE utf8mb4_unicode_ci NOT NULL COMMENT '应用名',
  `social_type` tinyint(0) NOT NULL COMMENT '社交平台的类型',
  `user_type` tinyint(0) NOT NULL COMMENT '用户类型',
  `client_id` varchar(255) CHARACTER SET utf8mb4 COLLATE utf8mb4_unicode_ci NOT NULL COMMENT '客户端编号',
  `client_secret` varchar(255) CHARACTER SET utf8mb4 COLLATE utf8mb4_unicode_ci NOT NULL COMMENT '客户端密钥',
  `agent_id` varchar(255) CHARACTER SET utf8mb4 COLLATE utf8mb4_unicode_ci NULL DEFAULT NULL COMMENT '代理编号',
  `status` tinyint(0) NOT NULL COMMENT '状态',
  `creator` varchar(64) CHARACTER SET utf8mb4 COLLATE utf8mb4_unicode_ci NULL DEFAULT '' COMMENT '创建者',
  `create_time` datetime(0) NOT NULL DEFAULT CURRENT_TIMESTAMP(0) COMMENT '创建时间',
  `updater` varchar(64) CHARACTER SET utf8mb4 COLLATE utf8mb4_unicode_ci NULL DEFAULT '' COMMENT '更新者',
  `update_time` datetime(0) NOT NULL DEFAULT CURRENT_TIMESTAMP(0) ON UPDATE CURRENT_TIMESTAMP(0) COMMENT '更新时间',
  `deleted` bit(1) NOT NULL DEFAULT b'0' COMMENT '是否删除',
  `tenant_id` bigint(0) NOT NULL DEFAULT 0 COMMENT '租户编号',
  PRIMARY KEY (`id`) USING BTREE
) ENGINE = InnoDB AUTO_INCREMENT = 44 CHARACTER SET = utf8mb4 COLLATE = utf8mb4_unicode_ci COMMENT = '社交客户端表' ROW_FORMAT = Dynamic;

-- ----------------------------
-- Records of system_social_client
-- ----------------------------
INSERT INTO `system_social_client` VALUES (1, '钉钉', 20, 2, 'dingvrnreaje3yqvzhxg', 'i8E6iZyDvZj51JIb0tYsYfVQYOks9Cq1lgryEjFRqC79P3iJcrxEwT6Qk2QvLrLI', NULL, 0, '', '2023-10-18 11:21:18', '1', '2023-12-20 21:28:26', b'1', 1);
INSERT INTO `system_social_client` VALUES (2, '钉钉（王土豆）', 20, 2, 'dingtsu9hpepjkbmthhw', 'FP_bnSq_HAHKCSncmJjw5hxhnzs6vaVDSZZn3egj6rdqTQ_hu5tQVJyLMpgCakdP', NULL, 0, '', '2023-10-18 11:21:18', '', '2023-12-20 21:28:26', b'1', 121);
INSERT INTO `system_social_client` VALUES (3, '微信公众号', 31, 1, 'wx5b23ba7a5589ecbb', '2a7b3b20c537e52e74afd395eb85f61f', NULL, 0, '', '2023-10-18 16:07:46', '1', '2023-12-20 21:28:23', b'1', 1);
INSERT INTO `system_social_client` VALUES (43, '微信小程序', 34, 1, 'wx63c280fe3248a3e7', '6f270509224a7ae1296bbf1c8cb97aed', NULL, 0, '', '2023-10-19 13:37:41', '1', '2023-12-20 21:28:25', b'1', 1);

-- ----------------------------
-- Table structure for system_social_user
-- ----------------------------
DROP TABLE IF EXISTS `system_social_user`;
CREATE TABLE `system_social_user`  (
  `id` bigint(0) UNSIGNED NOT NULL AUTO_INCREMENT COMMENT '主键(自增策略)',
  `type` tinyint(0) NOT NULL COMMENT '社交平台的类型',
  `openid` varchar(32) CHARACTER SET utf8mb4 COLLATE utf8mb4_unicode_ci NOT NULL COMMENT '社交 openid',
  `token` varchar(256) CHARACTER SET utf8mb4 COLLATE utf8mb4_unicode_ci NULL DEFAULT NULL COMMENT '社交 token',
  `raw_token_info` varchar(1024) CHARACTER SET utf8mb4 COLLATE utf8mb4_unicode_ci NOT NULL COMMENT '原始 Token 数据，一般是 JSON 格式',
  `nickname` varchar(32) CHARACTER SET utf8mb4 COLLATE utf8mb4_unicode_ci NOT NULL COMMENT '用户昵称',
  `avatar` varchar(255) CHARACTER SET utf8mb4 COLLATE utf8mb4_unicode_ci NULL DEFAULT NULL COMMENT '用户头像',
  `raw_user_info` varchar(1024) CHARACTER SET utf8mb4 COLLATE utf8mb4_unicode_ci NOT NULL COMMENT '原始用户数据，一般是 JSON 格式',
  `code` varchar(256) CHARACTER SET utf8mb4 COLLATE utf8mb4_unicode_ci NOT NULL COMMENT '最后一次的认证 code',
  `state` varchar(256) CHARACTER SET utf8mb4 COLLATE utf8mb4_unicode_ci NULL DEFAULT NULL COMMENT '最后一次的认证 state',
  `creator` varchar(64) CHARACTER SET utf8mb4 COLLATE utf8mb4_unicode_ci NULL DEFAULT '' COMMENT '创建者',
  `create_time` datetime(0) NOT NULL DEFAULT CURRENT_TIMESTAMP(0) COMMENT '创建时间',
  `updater` varchar(64) CHARACTER SET utf8mb4 COLLATE utf8mb4_unicode_ci NULL DEFAULT '' COMMENT '更新者',
  `update_time` datetime(0) NOT NULL DEFAULT CURRENT_TIMESTAMP(0) ON UPDATE CURRENT_TIMESTAMP(0) COMMENT '更新时间',
  `deleted` bit(1) NOT NULL DEFAULT b'0' COMMENT '是否删除',
  `tenant_id` bigint(0) NOT NULL DEFAULT 0 COMMENT '租户编号',
  PRIMARY KEY (`id`) USING BTREE
) ENGINE = InnoDB AUTO_INCREMENT = 36 CHARACTER SET = utf8mb4 COLLATE = utf8mb4_unicode_ci COMMENT = '社交用户表' ROW_FORMAT = Dynamic;

-- ----------------------------
-- Records of system_social_user
-- ----------------------------

-- ----------------------------
-- Table structure for system_social_user_bind
-- ----------------------------
DROP TABLE IF EXISTS `system_social_user_bind`;
CREATE TABLE `system_social_user_bind`  (
  `id` bigint(0) UNSIGNED NOT NULL AUTO_INCREMENT COMMENT '主键(自增策略)',
  `user_id` bigint(0) NOT NULL COMMENT '用户编号',
  `user_type` tinyint(0) NOT NULL COMMENT '用户类型',
  `social_type` tinyint(0) NOT NULL COMMENT '社交平台的类型',
  `social_user_id` bigint(0) NOT NULL COMMENT '社交用户的编号',
  `creator` varchar(64) CHARACTER SET utf8mb4 COLLATE utf8mb4_unicode_ci NULL DEFAULT '' COMMENT '创建者',
  `create_time` datetime(0) NOT NULL DEFAULT CURRENT_TIMESTAMP(0) COMMENT '创建时间',
  `updater` varchar(64) CHARACTER SET utf8mb4 COLLATE utf8mb4_unicode_ci NULL DEFAULT '' COMMENT '更新者',
  `update_time` datetime(0) NOT NULL DEFAULT CURRENT_TIMESTAMP(0) ON UPDATE CURRENT_TIMESTAMP(0) COMMENT '更新时间',
  `deleted` bit(1) NOT NULL DEFAULT b'0' COMMENT '是否删除',
  `tenant_id` bigint(0) NOT NULL DEFAULT 0 COMMENT '租户编号',
  PRIMARY KEY (`id`) USING BTREE
) ENGINE = InnoDB AUTO_INCREMENT = 119 CHARACTER SET = utf8mb4 COLLATE = utf8mb4_unicode_ci COMMENT = '社交绑定表' ROW_FORMAT = Dynamic;

-- ----------------------------
-- Records of system_social_user_bind
-- ----------------------------

-- ----------------------------
-- Table structure for system_tenant
-- ----------------------------
DROP TABLE IF EXISTS `system_tenant`;
CREATE TABLE `system_tenant`  (
  `id` bigint(0) NOT NULL AUTO_INCREMENT COMMENT '租户编号',
  `name` varchar(30) CHARACTER SET utf8mb4 COLLATE utf8mb4_unicode_ci NOT NULL COMMENT '租户名',
  `contact_user_id` bigint(0) NULL DEFAULT NULL COMMENT '联系人的用户编号',
  `contact_name` varchar(30) CHARACTER SET utf8mb4 COLLATE utf8mb4_unicode_ci NOT NULL COMMENT '联系人',
  `contact_mobile` varchar(500) CHARACTER SET utf8mb4 COLLATE utf8mb4_unicode_ci NULL DEFAULT NULL COMMENT '联系手机',
  `status` tinyint(0) NOT NULL DEFAULT 0 COMMENT '租户状态（0正常 1停用）',
  `website` varchar(256) CHARACTER SET utf8mb4 COLLATE utf8mb4_unicode_ci NULL DEFAULT '' COMMENT '绑定域名',
  `package_id` bigint(0) NOT NULL COMMENT '租户套餐编号',
  `expire_time` datetime(0) NOT NULL COMMENT '过期时间',
  `account_count` int(0) NOT NULL COMMENT '账号数量',
  `creator` varchar(64) CHARACTER SET utf8mb4 COLLATE utf8mb4_unicode_ci NOT NULL DEFAULT '' COMMENT '创建者',
  `create_time` datetime(0) NOT NULL DEFAULT CURRENT_TIMESTAMP(0) COMMENT '创建时间',
  `updater` varchar(64) CHARACTER SET utf8mb4 COLLATE utf8mb4_unicode_ci NULL DEFAULT '' COMMENT '更新者',
  `update_time` datetime(0) NOT NULL DEFAULT CURRENT_TIMESTAMP(0) ON UPDATE CURRENT_TIMESTAMP(0) COMMENT '更新时间',
  `deleted` bit(1) NOT NULL DEFAULT b'0' COMMENT '是否删除',
  PRIMARY KEY (`id`) USING BTREE
) ENGINE = InnoDB AUTO_INCREMENT = 162 CHARACTER SET = utf8mb4 COLLATE = utf8mb4_unicode_ci COMMENT = '租户表' ROW_FORMAT = Dynamic;

-- ----------------------------
-- Records of system_tenant
-- ----------------------------
INSERT INTO `system_tenant` VALUES (1, '芋道源码', NULL, '芋艿', '17321315478', 0, 'www.iocoder.cn', 0, '2099-02-19 17:14:16', 9999, '1', '2021-01-05 17:03:47', '1', '2023-11-06 11:41:41', b'0');
INSERT INTO `system_tenant` VALUES (121, '小租户', 110, '小王2', '15601691300', 0, 'zsxq.iocoder.cn', 111, '2024-03-11 00:00:00', 20, '1', '2022-02-22 00:56:14', '1', '2023-11-06 11:41:47', b'0');
INSERT INTO `system_tenant` VALUES (122, '测试租户', 113, '芋道', '15601691300', 0, 'test.iocoder.cn', 111, '2022-04-30 00:00:00', 50, '1', '2022-03-07 21:37:58', '1', '2023-11-06 11:41:53', b'0');

-- ----------------------------
-- Table structure for system_tenant_package
-- ----------------------------
DROP TABLE IF EXISTS `system_tenant_package`;
CREATE TABLE `system_tenant_package`  (
  `id` bigint(0) NOT NULL AUTO_INCREMENT COMMENT '套餐编号',
  `name` varchar(30) CHARACTER SET utf8mb4 COLLATE utf8mb4_unicode_ci NOT NULL COMMENT '套餐名',
  `status` tinyint(0) NOT NULL DEFAULT 0 COMMENT '租户状态（0正常 1停用）',
  `remark` varchar(256) CHARACTER SET utf8mb4 COLLATE utf8mb4_unicode_ci NULL DEFAULT '' COMMENT '备注',
  `menu_ids` varchar(4096) CHARACTER SET utf8mb4 COLLATE utf8mb4_unicode_ci NOT NULL COMMENT '关联的菜单编号',
  `creator` varchar(64) CHARACTER SET utf8mb4 COLLATE utf8mb4_unicode_ci NOT NULL DEFAULT '' COMMENT '创建者',
  `create_time` datetime(0) NOT NULL DEFAULT CURRENT_TIMESTAMP(0) COMMENT '创建时间',
  `updater` varchar(64) CHARACTER SET utf8mb4 COLLATE utf8mb4_unicode_ci NULL DEFAULT '' COMMENT '更新者',
  `update_time` datetime(0) NOT NULL DEFAULT CURRENT_TIMESTAMP(0) ON UPDATE CURRENT_TIMESTAMP(0) COMMENT '更新时间',
  `deleted` bit(1) NOT NULL DEFAULT b'0' COMMENT '是否删除',
  PRIMARY KEY (`id`) USING BTREE
) ENGINE = InnoDB AUTO_INCREMENT = 112 CHARACTER SET = utf8mb4 COLLATE = utf8mb4_unicode_ci COMMENT = '租户套餐表' ROW_FORMAT = Dynamic;

-- ----------------------------
-- Records of system_tenant_package
-- ----------------------------
INSERT INTO `system_tenant_package` VALUES (111, '普通套餐', 0, '小功能', '[1,2,5,1031,1032,1033,1034,1035,1036,1037,1038,1039,1050,1051,1052,1053,1054,1056,1057,1058,1059,1060,1063,1064,1065,1066,1067,1070,1075,1076,1077,1078,1082,1083,1084,1085,1086,1087,1088,1089,1090,1091,1092,1118,1119,1120,100,101,102,103,106,107,110,111,112,113,1138,114,1139,115,1140,116,1141,1142,1143,2713,2714,2715,2716,2717,2718,2720,1185,2721,1186,2722,1187,2723,1188,2724,1189,2725,1190,2726,1191,2727,2472,1192,2728,1193,2729,1194,2730,1195,2731,1196,2732,1197,2733,2478,1198,2734,2479,1199,2735,2480,1200,2481,1201,2482,1202,2483,2484,2485,2486,2487,1207,2488,1208,2489,1209,2490,1210,2491,1211,2492,1212,2493,1213,2494,2495,1215,1216,2497,1217,1218,1219,1220,1221,1222,1224,1225,1226,1227,1228,1229,1237,1238,1239,1240,1241,1242,1243,2525,1255,1256,1001,1257,1002,1258,1003,1259,1004,1260,1005,1006,1007,1008,1009,1010,1011,1012,1013,1014,1015,1016,1017,1018,1019,1020]', '1', '2022-02-22 00:54:00', '1', '2024-03-30 17:53:17', b'0');

-- ----------------------------
-- Table structure for system_user_post
-- ----------------------------
DROP TABLE IF EXISTS `system_user_post`;
CREATE TABLE `system_user_post`  (
  `id` bigint(0) NOT NULL AUTO_INCREMENT COMMENT 'id',
  `user_id` bigint(0) NOT NULL DEFAULT 0 COMMENT '用户ID',
  `post_id` bigint(0) NOT NULL DEFAULT 0 COMMENT '岗位ID',
  `creator` varchar(64) CHARACTER SET utf8mb4 COLLATE utf8mb4_unicode_ci NULL DEFAULT '' COMMENT '创建者',
  `create_time` datetime(0) NOT NULL DEFAULT CURRENT_TIMESTAMP(0) COMMENT '创建时间',
  `updater` varchar(64) CHARACTER SET utf8mb4 COLLATE utf8mb4_unicode_ci NULL DEFAULT '' COMMENT '更新者',
  `update_time` datetime(0) NOT NULL DEFAULT CURRENT_TIMESTAMP(0) ON UPDATE CURRENT_TIMESTAMP(0) COMMENT '更新时间',
  `deleted` bit(1) NOT NULL DEFAULT b'0' COMMENT '是否删除',
  `tenant_id` bigint(0) NOT NULL DEFAULT 0 COMMENT '租户编号',
  PRIMARY KEY (`id`) USING BTREE
) ENGINE = InnoDB AUTO_INCREMENT = 125 CHARACTER SET = utf8mb4 COLLATE = utf8mb4_unicode_ci COMMENT = '用户岗位表' ROW_FORMAT = Dynamic;

-- ----------------------------
-- Records of system_user_post
-- ----------------------------
INSERT INTO `system_user_post` VALUES (112, 1, 1, 'admin', '2022-05-02 07:25:24', 'admin', '2022-05-02 07:25:24', b'0', 1);
INSERT INTO `system_user_post` VALUES (113, 100, 1, 'admin', '2022-05-02 07:25:24', 'admin', '2022-05-02 07:25:24', b'0', 1);
INSERT INTO `system_user_post` VALUES (115, 104, 1, '1', '2022-05-16 19:36:28', '1', '2022-05-16 19:36:28', b'0', 1);
INSERT INTO `system_user_post` VALUES (116, 117, 2, '1', '2022-07-09 17:40:26', '1', '2022-07-09 17:40:26', b'0', 1);
INSERT INTO `system_user_post` VALUES (117, 118, 1, '1', '2022-07-09 17:44:44', '1', '2022-07-09 17:44:44', b'0', 1);
INSERT INTO `system_user_post` VALUES (119, 114, 5, '1', '2024-03-24 20:45:51', '1', '2024-03-24 20:45:51', b'0', 1);
INSERT INTO `system_user_post` VALUES (123, 115, 1, '1', '2024-04-04 09:37:14', '1', '2024-04-04 09:37:14', b'0', 1);
INSERT INTO `system_user_post` VALUES (124, 115, 2, '1', '2024-04-04 09:37:14', '1', '2024-04-04 09:37:14', b'0', 1);

-- ----------------------------
-- Table structure for system_user_role
-- ----------------------------
DROP TABLE IF EXISTS `system_user_role`;
CREATE TABLE `system_user_role`  (
  `id` bigint(0) NOT NULL AUTO_INCREMENT COMMENT '自增编号',
  `user_id` bigint(0) NOT NULL COMMENT '用户ID',
  `role_id` bigint(0) NOT NULL COMMENT '角色ID',
  `creator` varchar(64) CHARACTER SET utf8mb4 COLLATE utf8mb4_unicode_ci NULL DEFAULT '' COMMENT '创建者',
  `create_time` datetime(0) NULL DEFAULT CURRENT_TIMESTAMP(0) COMMENT '创建时间',
  `updater` varchar(64) CHARACTER SET utf8mb4 COLLATE utf8mb4_unicode_ci NULL DEFAULT '' COMMENT '更新者',
  `update_time` datetime(0) NULL DEFAULT CURRENT_TIMESTAMP(0) ON UPDATE CURRENT_TIMESTAMP(0) COMMENT '更新时间',
  `deleted` bit(1) NULL DEFAULT b'0' COMMENT '是否删除',
  `tenant_id` bigint(0) NOT NULL DEFAULT 0 COMMENT '租户编号',
  PRIMARY KEY (`id`) USING BTREE
) ENGINE = InnoDB AUTO_INCREMENT = 46 CHARACTER SET = utf8mb4 COLLATE = utf8mb4_unicode_ci COMMENT = '用户和角色关联表' ROW_FORMAT = Dynamic;

-- ----------------------------
-- Records of system_user_role
-- ----------------------------
INSERT INTO `system_user_role` VALUES (1, 1, 1, '', '2022-01-11 13:19:45', '', '2022-05-12 12:35:17', b'0', 1);
INSERT INTO `system_user_role` VALUES (2, 2, 2, '', '2022-01-11 13:19:45', '', '2022-05-12 12:35:13', b'0', 1);
INSERT INTO `system_user_role` VALUES (4, 100, 101, '', '2022-01-11 13:19:45', '', '2022-05-12 12:35:13', b'0', 1);
INSERT INTO `system_user_role` VALUES (5, 100, 1, '', '2022-01-11 13:19:45', '', '2022-05-12 12:35:12', b'0', 1);
INSERT INTO `system_user_role` VALUES (6, 100, 2, '', '2022-01-11 13:19:45', '', '2022-05-12 12:35:11', b'0', 1);
INSERT INTO `system_user_role` VALUES (10, 103, 1, '1', '2022-01-11 13:19:45', '1', '2022-01-11 13:19:45', b'0', 1);
INSERT INTO `system_user_role` VALUES (14, 110, 109, '1', '2022-02-22 00:56:14', '1', '2022-02-22 00:56:14', b'0', 121);
INSERT INTO `system_user_role` VALUES (15, 111, 110, '110', '2022-02-23 13:14:38', '110', '2022-02-23 13:14:38', b'0', 121);
INSERT INTO `system_user_role` VALUES (16, 113, 111, '1', '2022-03-07 21:37:58', '1', '2022-03-07 21:37:58', b'0', 122);
INSERT INTO `system_user_role` VALUES (18, 1, 2, '1', '2022-05-12 20:39:29', '1', '2022-05-12 20:39:29', b'0', 1);
INSERT INTO `system_user_role` VALUES (20, 104, 101, '1', '2022-05-28 15:43:57', '1', '2022-05-28 15:43:57', b'0', 1);
INSERT INTO `system_user_role` VALUES (22, 115, 2, '1', '2022-07-21 22:08:30', '1', '2022-07-21 22:08:30', b'0', 1);
INSERT INTO `system_user_role` VALUES (35, 112, 1, '1', '2024-03-15 20:00:24', '1', '2024-03-15 20:00:24', b'0', 1);
INSERT INTO `system_user_role` VALUES (36, 118, 1, '1', '2024-03-17 09:12:08', '1', '2024-03-17 09:12:08', b'0', 1);
INSERT INTO `system_user_role` VALUES (38, 114, 101, '1', '2024-03-24 22:23:03', '1', '2024-03-24 22:23:03', b'0', 1);

-- ----------------------------
-- Table structure for system_users
-- ----------------------------
DROP TABLE IF EXISTS `system_users`;
CREATE TABLE `system_users`  (
  `id` bigint(0) NOT NULL AUTO_INCREMENT COMMENT '用户ID',
  `username` varchar(30) CHARACTER SET utf8mb4 COLLATE utf8mb4_unicode_ci NOT NULL COMMENT '用户账号',
  `password` varchar(100) CHARACTER SET utf8mb4 COLLATE utf8mb4_unicode_ci NOT NULL DEFAULT '' COMMENT '密码',
  `nickname` varchar(30) CHARACTER SET utf8mb4 COLLATE utf8mb4_unicode_ci NOT NULL COMMENT '用户昵称',
  `remark` varchar(500) CHARACTER SET utf8mb4 COLLATE utf8mb4_unicode_ci NULL DEFAULT NULL COMMENT '备注',
  `dept_id` bigint(0) NULL DEFAULT NULL COMMENT '部门ID',
  `post_ids` varchar(255) CHARACTER SET utf8mb4 COLLATE utf8mb4_unicode_ci NULL DEFAULT NULL COMMENT '岗位编号数组',
  `email` varchar(50) CHARACTER SET utf8mb4 COLLATE utf8mb4_unicode_ci NULL DEFAULT '' COMMENT '用户邮箱',
  `mobile` varchar(11) CHARACTER SET utf8mb4 COLLATE utf8mb4_unicode_ci NULL DEFAULT '' COMMENT '手机号码',
  `sex` tinyint(0) NULL DEFAULT 0 COMMENT '用户性别',
  `avatar` varchar(512) CHARACTER SET utf8mb4 COLLATE utf8mb4_unicode_ci NULL DEFAULT '' COMMENT '头像地址',
  `status` tinyint(0) NOT NULL DEFAULT 0 COMMENT '帐号状态（0正常 1停用）',
  `login_ip` varchar(50) CHARACTER SET utf8mb4 COLLATE utf8mb4_unicode_ci NULL DEFAULT '' COMMENT '最后登录IP',
  `login_date` datetime(0) NULL DEFAULT NULL COMMENT '最后登录时间',
  `creator` varchar(64) CHARACTER SET utf8mb4 COLLATE utf8mb4_unicode_ci NULL DEFAULT '' COMMENT '创建者',
  `create_time` datetime(0) NOT NULL DEFAULT CURRENT_TIMESTAMP(0) COMMENT '创建时间',
  `updater` varchar(64) CHARACTER SET utf8mb4 COLLATE utf8mb4_unicode_ci NULL DEFAULT '' COMMENT '更新者',
  `update_time` datetime(0) NOT NULL DEFAULT CURRENT_TIMESTAMP(0) ON UPDATE CURRENT_TIMESTAMP(0) COMMENT '更新时间',
  `deleted` bit(1) NOT NULL DEFAULT b'0' COMMENT '是否删除',
  `tenant_id` bigint(0) NOT NULL DEFAULT 0 COMMENT '租户编号',
  PRIMARY KEY (`id`) USING BTREE,
  UNIQUE INDEX `idx_username`(`username`, `update_time`, `tenant_id`) USING BTREE
) ENGINE = InnoDB AUTO_INCREMENT = 139 CHARACTER SET = utf8mb4 COLLATE = utf8mb4_unicode_ci COMMENT = '用户信息表' ROW_FORMAT = Dynamic;

-- ----------------------------
-- Records of system_users
-- ----------------------------
INSERT INTO `system_users` VALUES (1, 'admin', '$2a$10$mRMIYLDtRHlf6.9ipiqH1.Z.bh/R9dO9d5iHiGYPigi6r5KOoR2Wm', '芋道源码', '管理员', 103, '[1]', 'aoteman@126.com', '18818260277', 2, 'http://test.yudao.iocoder.cn/96c787a2ce88bf6d0ce3cd8b6cf5314e80e7703cd41bf4af8cd2e2909dbd6b6d.png', 0, '0:0:0:0:0:0:0:1', '2024-06-01 23:37:30', 'admin', '2021-01-05 17:03:47', NULL, '2024-06-01 23:37:30', b'0', 1);
INSERT INTO `system_users` VALUES (100, 'yudao', '$2a$10$11U48RhyJ5pSBYWSn12AD./ld671.ycSzJHbyrtpeoMeYiw31eo8a', '芋道', '不要吓我', 104, '[1]', 'yudao@iocoder.cn', '15601691300', 1, '', 1, '127.0.0.1', '2022-07-09 23:03:33', '', '2021-01-07 09:07:17', NULL, '2022-07-09 23:03:33', b'0', 1);
INSERT INTO `system_users` VALUES (103, 'yuanma', '$2a$10$YMpimV4T6BtDhIaA8jSW.u8UTGBeGhc/qwXP4oxoMr4mOw9.qttt6', '源码', NULL, 106, NULL, 'yuanma@iocoder.cn', '15601701300', 0, '', 0, '0:0:0:0:0:0:0:1', '2024-03-18 21:09:04', '', '2021-01-13 23:50:35', NULL, '2024-03-18 21:09:04', b'0', 1);
INSERT INTO `system_users` VALUES (104, 'test', '$2a$04$KhExCYl7lx6eWWZYKsibKOZ8IBJRyuNuCcEOLQ11RYhJKgHmlSwK.', '测试号', NULL, 107, '[1,2]', '111@qq.com', '15601691200', 1, '', 0, '0:0:0:0:0:0:0:1', '2024-03-26 07:11:35', '', '2021-01-21 02:13:53', NULL, '2024-03-26 07:11:35', b'0', 1);
INSERT INTO `system_users` VALUES (107, 'admin107', '$2a$10$dYOOBKMO93v/.ReCqzyFg.o67Tqk.bbc2bhrpyBGkIw9aypCtr2pm', '芋艿', NULL, NULL, NULL, '', '15601691300', 0, '', 0, '', NULL, '1', '2022-02-20 22:59:33', '1', '2022-02-27 08:26:51', b'0', 118);
INSERT INTO `system_users` VALUES (108, 'admin108', '$2a$10$y6mfvKoNYL1GXWak8nYwVOH.kCWqjactkzdoIDgiKl93WN3Ejg.Lu', '芋艿', NULL, NULL, NULL, '', '15601691300', 0, '', 0, '', NULL, '1', '2022-02-20 23:00:50', '1', '2022-02-27 08:26:53', b'0', 119);
INSERT INTO `system_users` VALUES (109, 'admin109', '$2a$10$JAqvH0tEc0I7dfDVBI7zyuB4E3j.uH6daIjV53.vUS6PknFkDJkuK', '芋艿', NULL, NULL, NULL, '', '15601691300', 0, '', 0, '', NULL, '1', '2022-02-20 23:11:50', '1', '2022-02-27 08:26:56', b'0', 120);
INSERT INTO `system_users` VALUES (110, 'admin110', '$2a$10$mRMIYLDtRHlf6.9ipiqH1.Z.bh/R9dO9d5iHiGYPigi6r5KOoR2Wm', '小王', NULL, NULL, NULL, '', '15601691300', 0, '', 0, '127.0.0.1', '2022-09-25 22:47:33', '1', '2022-02-22 00:56:14', NULL, '2022-09-25 22:47:33', b'0', 121);
INSERT INTO `system_users` VALUES (111, 'test', '$2a$10$mRMIYLDtRHlf6.9ipiqH1.Z.bh/R9dO9d5iHiGYPigi6r5KOoR2Wm', '测试用户', NULL, NULL, '[]', '', '', 0, '', 0, '0:0:0:0:0:0:0:1', '2023-12-30 11:42:17', '110', '2022-02-23 13:14:33', NULL, '2023-12-30 11:42:17', b'0', 121);
INSERT INTO `system_users` VALUES (112, 'newobject', '$2a$04$dB0z8Q819fJWz0hbaLe6B.VfHCjYgWx6LFfET5lyz3JwcqlyCkQ4C', '新对象', NULL, 100, '[]', '', '15601691235', 1, '', 0, '0:0:0:0:0:0:0:1', '2024-03-16 23:11:38', '1', '2022-02-23 19:08:03', NULL, '2024-03-16 23:11:38', b'0', 1);
INSERT INTO `system_users` VALUES (113, 'aoteman', '$2a$10$0acJOIk2D25/oC87nyclE..0lzeu9DtQ/n3geP4fkun/zIVRhHJIO', '芋道', NULL, NULL, NULL, '', '15601691300', 0, '', 0, '127.0.0.1', '2022-03-19 18:38:51', '1', '2022-03-07 21:37:58', NULL, '2022-03-19 18:38:51', b'0', 122);
INSERT INTO `system_users` VALUES (114, 'hrmgr', '$2a$10$TR4eybBioGRhBmDBWkqWLO6NIh3mzYa8KBKDDB5woiGYFVlRAi.fu', 'hr 小姐姐', NULL, NULL, '[5]', '', '15601691236', 1, '', 0, '0:0:0:0:0:0:0:1', '2024-03-24 22:21:05', '1', '2022-03-19 21:50:58', NULL, '2024-03-24 22:21:05', b'0', 1);
INSERT INTO `system_users` VALUES (115, 'aotemane', '$2a$04$GcyP0Vyzb2F2Yni5PuIK9ueGxM0tkZGMtDwVRwrNbtMvorzbpNsV2', '阿呆', '11222', 102, '[1,2]', '7648@qq.com', '15601691229', 2, '', 0, '', NULL, '1', '2022-04-30 02:55:43', '1', '2024-04-04 09:37:14', b'0', 1);
INSERT INTO `system_users` VALUES (117, 'admin123', '$2a$10$WI8Gg/lpZQIrOEZMHqka7OdFaD4Nx.B/qY8ZGTTUKrOJwaHFqibaC', '测试号', '1111', 100, '[2]', '', '15601691234', 1, '', 0, '', NULL, '1', '2022-07-09 17:40:26', '1', '2022-07-09 17:40:26', b'0', 1);
INSERT INTO `system_users` VALUES (118, 'goudan', '$2a$04$OB1SuphCdiLVRpiYRKeqH.8NYS7UIp5vmIv1W7U4w6toiFeOAATVK', '狗蛋', NULL, 103, '[1]', '', '15601691239', 1, '', 0, '0:0:0:0:0:0:0:1', '2024-03-17 09:10:27', '1', '2022-07-09 17:44:43', '1', '2024-04-04 09:48:05', b'0', 1);
INSERT INTO `system_users` VALUES (131, 'hh', '$2a$04$jyH9h6.gaw8mpOjPfHIpx.8as2Rzfcmdlj5rlJFwgCw4rsv/MTb2K', '呵呵', NULL, 100, '[]', '777@qq.com', '15601882312', 1, '', 0, '', NULL, '1', '2024-04-27 08:45:56', '1', '2024-04-27 08:45:56', b'0', 1);

-- ----------------------------
-- Table structure for yudao_demo01_contact
-- ----------------------------
DROP TABLE IF EXISTS `yudao_demo01_contact`;
CREATE TABLE `yudao_demo01_contact`  (
  `id` bigint(0) NOT NULL AUTO_INCREMENT COMMENT '编号',
  `name` varchar(100) CHARACTER SET utf8mb4 COLLATE utf8mb4_unicode_ci NOT NULL DEFAULT '' COMMENT '名字',
  `sex` tinyint(1) NOT NULL COMMENT '性别',
  `birthday` datetime(0) NOT NULL COMMENT '出生年',
  `description` varchar(255) CHARACTER SET utf8mb4 COLLATE utf8mb4_unicode_ci NOT NULL COMMENT '简介',
  `avatar` varchar(512) CHARACTER SET utf8mb4 COLLATE utf8mb4_unicode_ci NULL DEFAULT NULL COMMENT '头像',
  `creator` varchar(64) CHARACTER SET utf8mb4 COLLATE utf8mb4_unicode_ci NULL DEFAULT '' COMMENT '创建者',
  `create_time` datetime(0) NOT NULL DEFAULT CURRENT_TIMESTAMP(0) COMMENT '创建时间',
  `updater` varchar(64) CHARACTER SET utf8mb4 COLLATE utf8mb4_unicode_ci NULL DEFAULT '' COMMENT '更新者',
  `update_time` datetime(0) NOT NULL DEFAULT CURRENT_TIMESTAMP(0) ON UPDATE CURRENT_TIMESTAMP(0) COMMENT '更新时间',
  `deleted` bit(1) NOT NULL DEFAULT b'0' COMMENT '是否删除',
  `tenant_id` bigint(0) NOT NULL DEFAULT 0 COMMENT '租户编号',
  PRIMARY KEY (`id`) USING BTREE
) ENGINE = InnoDB AUTO_INCREMENT = 2 CHARACTER SET = utf8mb4 COLLATE = utf8mb4_unicode_ci COMMENT = '示例联系人表' ROW_FORMAT = Dynamic;

-- ----------------------------
-- Records of yudao_demo01_contact
-- ----------------------------
INSERT INTO `yudao_demo01_contact` VALUES (1, '土豆', 2, '2023-11-07 00:00:00', '<p>天蚕土豆！呀</p>', 'http://127.0.0.1:48080/admin-api/infra/file/4/get/46f8fa1a37db3f3960d8910ff2fe3962ab3b2db87cf2f8ccb4dc8145b8bdf237.jpeg', '1', '2023-11-15 23:34:30', '1', '2023-11-15 23:47:39', b'0', 1);

-- ----------------------------
-- Table structure for yudao_demo02_category
-- ----------------------------
DROP TABLE IF EXISTS `yudao_demo02_category`;
CREATE TABLE `yudao_demo02_category`  (
  `id` bigint(0) NOT NULL AUTO_INCREMENT COMMENT '编号',
  `name` varchar(100) CHARACTER SET utf8mb4 COLLATE utf8mb4_unicode_ci NOT NULL DEFAULT '' COMMENT '名字',
  `parent_id` bigint(0) NOT NULL COMMENT '父级编号',
  `creator` varchar(64) CHARACTER SET utf8mb4 COLLATE utf8mb4_unicode_ci NULL DEFAULT '' COMMENT '创建者',
  `create_time` datetime(0) NOT NULL DEFAULT CURRENT_TIMESTAMP(0) COMMENT '创建时间',
  `updater` varchar(64) CHARACTER SET utf8mb4 COLLATE utf8mb4_unicode_ci NULL DEFAULT '' COMMENT '更新者',
  `update_time` datetime(0) NOT NULL DEFAULT CURRENT_TIMESTAMP(0) ON UPDATE CURRENT_TIMESTAMP(0) COMMENT '更新时间',
  `deleted` bit(1) NOT NULL DEFAULT b'0' COMMENT '是否删除',
  `tenant_id` bigint(0) NOT NULL DEFAULT 0 COMMENT '租户编号',
  PRIMARY KEY (`id`) USING BTREE
) ENGINE = InnoDB AUTO_INCREMENT = 7 CHARACTER SET = utf8mb4 COLLATE = utf8mb4_unicode_ci COMMENT = '示例分类表' ROW_FORMAT = Dynamic;

-- ----------------------------
-- Records of yudao_demo02_category
-- ----------------------------
INSERT INTO `yudao_demo02_category` VALUES (1, '土豆', 0, '1', '2023-11-15 23:34:30', '1', '2023-11-16 20:24:23', b'0', 1);
INSERT INTO `yudao_demo02_category` VALUES (2, '番茄', 0, '1', '2023-11-16 20:24:00', '1', '2023-11-16 20:24:15', b'0', 1);
INSERT INTO `yudao_demo02_category` VALUES (3, '怪怪', 0, '1', '2023-11-16 20:24:32', '1', '2023-11-16 20:24:32', b'0', 1);
INSERT INTO `yudao_demo02_category` VALUES (4, '小番茄', 2, '1', '2023-11-16 20:24:39', '1', '2023-11-16 20:24:39', b'0', 1);
INSERT INTO `yudao_demo02_category` VALUES (5, '大番茄', 2, '1', '2023-11-16 20:24:46', '1', '2023-11-16 20:24:46', b'0', 1);
INSERT INTO `yudao_demo02_category` VALUES (6, '11', 3, '1', '2023-11-24 19:29:34', '1', '2023-11-24 19:29:34', b'0', 1);

-- ----------------------------
-- Table structure for yudao_demo03_course
-- ----------------------------
DROP TABLE IF EXISTS `yudao_demo03_course`;
CREATE TABLE `yudao_demo03_course`  (
  `id` bigint(0) NOT NULL AUTO_INCREMENT COMMENT '编号',
  `student_id` bigint(0) NOT NULL COMMENT '学生编号',
  `name` varchar(100) CHARACTER SET utf8mb4 COLLATE utf8mb4_unicode_ci NOT NULL DEFAULT '' COMMENT '名字',
  `score` tinyint(0) NOT NULL COMMENT '分数',
  `creator` varchar(64) CHARACTER SET utf8mb4 COLLATE utf8mb4_unicode_ci NULL DEFAULT '' COMMENT '创建者',
  `create_time` datetime(0) NOT NULL DEFAULT CURRENT_TIMESTAMP(0) COMMENT '创建时间',
  `updater` varchar(64) CHARACTER SET utf8mb4 COLLATE utf8mb4_unicode_ci NULL DEFAULT '' COMMENT '更新者',
  `update_time` datetime(0) NOT NULL DEFAULT CURRENT_TIMESTAMP(0) ON UPDATE CURRENT_TIMESTAMP(0) COMMENT '更新时间',
  `deleted` bit(1) NOT NULL DEFAULT b'0' COMMENT '是否删除',
  `tenant_id` bigint(0) NOT NULL DEFAULT 0 COMMENT '租户编号',
  PRIMARY KEY (`id`) USING BTREE
) ENGINE = InnoDB AUTO_INCREMENT = 14 CHARACTER SET = utf8mb4 COLLATE = utf8mb4_unicode_ci COMMENT = '学生课程表' ROW_FORMAT = Dynamic;

-- ----------------------------
-- Records of yudao_demo03_course
-- ----------------------------
INSERT INTO `yudao_demo03_course` VALUES (2, 2, '语文', 66, '1', '2023-11-16 23:21:49', '1', '2023-11-16 23:21:49', b'0', 1);
INSERT INTO `yudao_demo03_course` VALUES (3, 2, '数学', 22, '1', '2023-11-16 23:21:49', '1', '2023-11-16 23:21:49', b'0', 1);
INSERT INTO `yudao_demo03_course` VALUES (6, 5, '体育', 23, '1', '2023-11-16 23:22:46', '1', '2023-11-16 15:44:40', b'1', 1);
INSERT INTO `yudao_demo03_course` VALUES (7, 5, '计算机', 11, '1', '2023-11-16 23:22:46', '1', '2023-11-16 15:44:40', b'1', 1);
INSERT INTO `yudao_demo03_course` VALUES (8, 5, '体育', 23, '1', '2023-11-16 23:22:46', '1', '2023-11-16 15:47:09', b'1', 1);
INSERT INTO `yudao_demo03_course` VALUES (9, 5, '计算机', 11, '1', '2023-11-16 23:22:46', '1', '2023-11-16 15:47:09', b'1', 1);
INSERT INTO `yudao_demo03_course` VALUES (10, 5, '体育', 23, '1', '2023-11-16 23:22:46', '1', '2023-11-16 23:47:10', b'0', 1);
INSERT INTO `yudao_demo03_course` VALUES (11, 5, '计算机', 11, '1', '2023-11-16 23:22:46', '1', '2023-11-16 23:47:10', b'0', 1);
INSERT INTO `yudao_demo03_course` VALUES (12, 2, '电脑', 33, '1', '2023-11-17 00:20:42', '1', '2023-11-16 16:20:45', b'1', 1);
INSERT INTO `yudao_demo03_course` VALUES (13, 9, '滑雪', 12, '1', '2023-11-17 13:13:20', '1', '2023-11-17 13:13:20', b'0', 1);

-- ----------------------------
-- Table structure for yudao_demo03_grade
-- ----------------------------
DROP TABLE IF EXISTS `yudao_demo03_grade`;
CREATE TABLE `yudao_demo03_grade`  (
  `id` bigint(0) NOT NULL AUTO_INCREMENT COMMENT '编号',
  `student_id` bigint(0) NOT NULL COMMENT '学生编号',
  `name` varchar(100) CHARACTER SET utf8mb4 COLLATE utf8mb4_unicode_ci NOT NULL DEFAULT '' COMMENT '名字',
  `teacher` varchar(255) CHARACTER SET utf8mb4 COLLATE utf8mb4_unicode_ci NOT NULL COMMENT '班主任',
  `creator` varchar(64) CHARACTER SET utf8mb4 COLLATE utf8mb4_unicode_ci NULL DEFAULT '' COMMENT '创建者',
  `create_time` datetime(0) NOT NULL DEFAULT CURRENT_TIMESTAMP(0) COMMENT '创建时间',
  `updater` varchar(64) CHARACTER SET utf8mb4 COLLATE utf8mb4_unicode_ci NULL DEFAULT '' COMMENT '更新者',
  `update_time` datetime(0) NOT NULL DEFAULT CURRENT_TIMESTAMP(0) ON UPDATE CURRENT_TIMESTAMP(0) COMMENT '更新时间',
  `deleted` bit(1) NOT NULL DEFAULT b'0' COMMENT '是否删除',
  `tenant_id` bigint(0) NOT NULL DEFAULT 0 COMMENT '租户编号',
  PRIMARY KEY (`id`) USING BTREE
) ENGINE = InnoDB AUTO_INCREMENT = 10 CHARACTER SET = utf8mb4 COLLATE = utf8mb4_unicode_ci COMMENT = '学生班级表' ROW_FORMAT = Dynamic;

-- ----------------------------
-- Records of yudao_demo03_grade
-- ----------------------------
INSERT INTO `yudao_demo03_grade` VALUES (7, 2, '三年 2 班', '周杰伦', '1', '2023-11-16 23:21:49', '1', '2023-11-16 23:21:49', b'0', 1);
INSERT INTO `yudao_demo03_grade` VALUES (8, 5, '华为', '遥遥领先', '1', '2023-11-16 23:22:46', '1', '2023-11-16 23:47:10', b'0', 1);
INSERT INTO `yudao_demo03_grade` VALUES (9, 9, '小图', '小娃111', '1', '2023-11-17 13:10:23', '1', '2023-11-17 13:10:23', b'0', 1);

-- ----------------------------
-- Table structure for yudao_demo03_student
-- ----------------------------
DROP TABLE IF EXISTS `yudao_demo03_student`;
CREATE TABLE `yudao_demo03_student`  (
  `id` bigint(0) NOT NULL AUTO_INCREMENT COMMENT '编号',
  `name` varchar(100) CHARACTER SET utf8mb4 COLLATE utf8mb4_unicode_ci NOT NULL DEFAULT '' COMMENT '名字',
  `sex` tinyint(0) NOT NULL COMMENT '性别',
  `birthday` datetime(0) NOT NULL COMMENT '出生日期',
  `description` varchar(255) CHARACTER SET utf8mb4 COLLATE utf8mb4_unicode_ci NOT NULL COMMENT '简介',
  `creator` varchar(64) CHARACTER SET utf8mb4 COLLATE utf8mb4_unicode_ci NULL DEFAULT '' COMMENT '创建者',
  `create_time` datetime(0) NOT NULL DEFAULT CURRENT_TIMESTAMP(0) COMMENT '创建时间',
  `updater` varchar(64) CHARACTER SET utf8mb4 COLLATE utf8mb4_unicode_ci NULL DEFAULT '' COMMENT '更新者',
  `update_time` datetime(0) NOT NULL DEFAULT CURRENT_TIMESTAMP(0) ON UPDATE CURRENT_TIMESTAMP(0) COMMENT '更新时间',
  `deleted` bit(1) NOT NULL DEFAULT b'0' COMMENT '是否删除',
  `tenant_id` bigint(0) NOT NULL DEFAULT 0 COMMENT '租户编号',
  PRIMARY KEY (`id`) USING BTREE
) ENGINE = InnoDB AUTO_INCREMENT = 10 CHARACTER SET = utf8mb4 COLLATE = utf8mb4_unicode_ci COMMENT = '学生表' ROW_FORMAT = Dynamic;

-- ----------------------------
-- Records of yudao_demo03_student
-- ----------------------------
INSERT INTO `yudao_demo03_student` VALUES (2, '小白', 1, '2023-11-16 00:00:00', '<p>厉害</p>', '1', '2023-11-16 23:21:49', '1', '2023-11-17 16:49:06', b'0', 1);
INSERT INTO `yudao_demo03_student` VALUES (5, '大黑', 2, '2023-11-13 00:00:00', '<p>你在教我做事?</p>', '1', '2023-11-16 23:22:46', '1', '2023-11-17 16:49:07', b'0', 1);
INSERT INTO `yudao_demo03_student` VALUES (9, '小花', 1, '2023-11-07 00:00:00', '<p>哈哈哈</p>', '1', '2023-11-17 00:04:47', '1', '2023-11-17 16:49:08', b'0', 1);

SET FOREIGN_KEY_CHECKS = 1;
